Level Control Trainer (UT35A) -17-Mar-2025 15:30:45, , , , , , ,
Time,Time s,SP %,PV %,OP %,PB %,IT s,DT s
15:22:31,1,60,60.4,31.5,20,30,0
15:22:32,2,60,60.4,31.8,20,30,0
15:22:33,3,60,60.5,32.3,20,30,0
15:22:34,4,60,60.5,32.5,20,30,0
15:22:35,5,60,60.5,32.7,20,30,0
15:22:36,6,60,60.6,32.8,20,30,0
15:22:37,7,60,60.7,33.4,20,30,0
15:22:38,8,60,60.7,33.9,20,30,0
15:22:39,9,60,60.8,34.3,20,30,0
15:22:40,10,60,60.8,34.7,20,30,0
15:22:41,11,60,60.9,35,20,30,0
15:22:42,12,60,60.9,35.5,20,30,0
15:22:43,13,60,60.9,35.6,20,30,0
15:22:44,14,60,61,36.2,20,30,0
15:22:45,15,60,61,36.3,20,30,0
15:22:46,16,60,61,36.6,20,30,0
15:22:47,17,60,61.1,37.1,20,30,0
15:22:48,18,60,61.2,37.8,20,30,0
15:22:49,19,60,61.2,38.2,20,30,0
15:22:50,20,60,61.2,38.5,20,30,0
15:22:51,21,60,61.2,38.7,20,30,0
15:22:52,22,60,61.4,39.8,20,30,0
15:22:53,23,60,61.4,39.9,20,30,0
15:22:54,24,60,61.4,40.3,20,30,0
15:22:55,25,60,61.4,40.6,20,30,0
15:22:56,26,60,61.5,40.9,20,30,0
15:22:57,27,60,61.5,41.6,20,30,0
15:22:58,28,60,61.5,41.6,20,30,0
15:22:59,29,60,61.6,42.5,20,30,0
15:23:00,30,60,61.7,43,20,30,0
15:23:01,31,60,61.7,43.3,20,30,0
15:23:02,32,60,61.8,44.1,20,30,0
15:23:03,33,60,61.7,44.2,20,30,0
15:23:04,34,60,61.8,45,20,30,0
15:23:05,35,60,61.9,45.8,20,30,0
15:23:06,36,60,61.9,46,20,30,0
15:23:07,37,60,61.9,46.5,20,30,0
15:23:08,38,60,61.9,46.9,20,30,0
15:23:09,39,60,62,47.5,20,30,0
15:23:10,40,60,62.1,48.2,20,30,0
15:23:11,41,60,62.1,48.5,20,30,0
15:23:12,42,60,62.2,49.3,20,30,0
15:23:13,43,60,62.2,49.8,20,30,0
15:23:14,44,60,62.1,49.9,20,30,0
15:23:15,45,60,62.1,50,20,30,0
15:23:16,46,60,62.1,50.4,20,30,0
15:23:17,47,60,62.1,50.8,20,30,0
15:23:18,48,60,62.1,50.9,20,30,0
15:23:19,49,60,62,51,20,30,0
15:23:20,50,60,61.9,51,20,30,0
15:23:21,51,60,61.9,51,20,30,0
15:23:22,52,60,61.9,51.2,20,30,0
15:23:23,53,60,61.8,51.2,20,30,0
15:23:24,54,60,61.7,51.1,20,30,0
15:23:25,55,60,61.6,51.1,20,30,0
15:23:26,56,60,61.6,51,20,30,0
15:23:27,57,60,61.5,51,20,30,0
15:23:28,58,60,61.6,51.8,20,30,0
15:23:29,59,60,61.5,51.3,20,30,0
15:23:30,60,60,61.4,51.2,20,30,0
15:23:31,61,60,61.4,51.2,20,30,0
15:23:32,62,60,61.3,51.2,20,30,0
15:23:33,63,60,61.2,51,20,30,0
15:23:34,64,60,61.2,50.9,20,30,0
15:23:35,65,60,61.1,50.7,20,30,0
15:23:36,66,60,61.1,50.8,20,30,0
15:23:37,67,60,61,50.8,20,30,0
15:23:38,68,60,61,50.6,20,30,0
15:23:39,69,60,60.9,50.4,20,30,0
15:23:40,70,60,60.9,50.6,20,30,0
15:23:41,71,60,60.8,50.4,20,30,0
15:23:42,72,60,60.8,50.2,20,30,0
15:23:43,73,60,60.7,50.1,20,30,0
15:23:44,74,60,60.7,50,20,30,0
15:23:45,75,60,60.6,49.8,20,30,0
15:23:46,76,60,60.6,49.6,20,30,0
15:23:47,77,60,60.5,49.5,20,30,0
15:23:48,78,60,60.5,49.5,20,30,0
15:23:49,79,60,60.4,49.2,20,30,0
15:23:50,80,60,60.4,49.1,20,30,0
15:23:51,81,60,60.3,48.8,20,30,0
15:23:52,82,60,60.3,48.7,20,30,0
15:23:53,83,60,60.2,48.4,20,30,0
15:23:54,84,60,60.2,48.3,20,30,0
15:23:55,85,60,60.2,48.4,20,30,0
15:23:56,86,60,60.1,47.7,20,30,0
15:23:57,87,60,60,47.5,20,30,0
15:23:58,88,60,60,47.2,20,30,0
15:23:59,89,60,60,47.3,20,30,0
15:24:00,90,60,60,47.2,20,30,0
15:24:01,91,60,59.9,46.6,20,30,0
15:24:02,92,60,59.8,46.4,20,30,0
15:24:03,93,60,59.8,46.2,20,30,0
15:24:04,94,60,59.7,46,20,30,0
15:24:05,95,60,59.7,45.7,20,30,0
15:24:06,96,60,59.7,45.5,20,30,0
15:24:07,97,60,59.6,45.1,20,30,0
15:24:08,98,60,59.6,45,20,30,0
15:24:09,99,60,59.5,44.6,20,30,0
15:24:10,100,60,59.5,44.4,20,30,0
15:24:11,101,60,59.5,44.1,20,30,0
15:24:12,102,60,59.5,43.9,20,30,0
15:24:13,103,60,59.4,43.4,20,30,0
15:24:14,104,60,59.3,43.1,20,30,0
15:24:15,105,60,59.2,42.6,20,30,0
15:24:16,106,60,59.2,42.4,20,30,0
15:24:17,107,60,59.2,42.2,20,30,0
15:24:18,108,60,59.2,42.1,20,30,0
15:24:19,109,60,59.2,41.7,20,30,0
15:24:20,110,60,59.1,41.2,20,30,0
15:24:21,111,60,59.1,41,20,30,0
15:24:22,112,60,59.1,40.8,20,30,0
15:24:23,113,60,59,40.3,20,30,0
15:24:24,114,60,59,40,20,30,0
15:24:25,115,60,58.9,39.5,20,30,0
15:24:26,116,60,58.9,39.3,20,30,0
15:24:27,117,60,58.8,38.6,20,30,0
15:24:28,118,60,58.9,38.6,20,30,0
15:24:29,119,60,58.8,38.1,20,30,0
15:24:30,120,60,58.7,37.6,20,30,0
15:24:31,121,60,58.7,37.2,20,30,0
15:24:32,122,60,58.7,36.7,20,30,0
15:24:33,123,60,58.6,36.4,20,30,0
15:24:34,124,60,58.6,35.9,20,30,0
15:24:35,125,60,58.6,35.7,20,30,0
15:24:36,126,60,58.6,35.4,20,30,0
15:24:37,127,60,58.5,34.8,20,30,0
15:24:38,128,60,58.5,34.3,20,30,0
15:24:39,129,60,58.4,33.8,20,30,0
15:24:40,130,60,58.4,33.5,20,30,0
15:24:41,131,60,58.3,32.7,20,30,0
15:24:42,132,60,58.3,32.5,20,30,0
15:24:43,133,60,58.3,32.2,20,30,0
15:24:44,134,60,58.2,31.4,20,30,0
15:24:45,135,60,58.2,31.1,20,30,0
15:24:46,136,60,58.2,30.6,20,30,0
15:24:47,137,60,58.1,30.1,20,30,0
15:24:48,138,60,58.2,30,20,30,0
15:24:49,139,60,58.1,29.5,20,30,0
15:24:50,140,60,58.1,29.2,20,30,0
15:24:51,141,60,58.1,28.6,20,30,0
15:24:52,142,60,58,27.9,20,30,0
15:24:53,143,60,58,27.5,20,30,0
15:24:54,144,60,57.9,26.9,20,30,0
15:24:55,145,60,57.9,26.5,20,30,0
15:24:56,146,60,57.9,26.2,20,30,0
15:24:57,147,60,57.9,25.9,20,30,0
15:24:58,148,60,57.9,25.5,20,30,0
15:24:59,149,60,58,25.3,20,30,0
15:25:00,150,60,58,25.3,20,30,0
15:25:01,151,60,58.1,25.5,20,30,0
15:25:02,152,60,58.2,25.7,20,30,0
15:25:03,153,60,58.2,25.3,20,30,0
15:25:04,154,60,58.3,25.3,20,30,0
15:25:05,155,60,58.3,25.1,20,30,0
15:25:06,156,60,58.4,25.2,20,30,0
15:25:07,157,60,58.4,25.3,20,30,0
15:25:08,158,60,58.5,25.4,20,30,0
15:25:09,159,60,58.6,25.6,20,30,0
15:25:10,160,60,58.6,25.5,20,30,0
15:25:11,161,60,58.6,25.2,20,30,0
15:25:12,162,60,58.7,25.6,20,30,0
15:25:13,163,60,58.8,25.6,20,30,0
15:25:14,164,60,58.9,26,20,30,0
15:25:15,165,60,58.9,25.6,20,30,0
15:25:16,166,60,59,26.4,20,30,0
15:25:17,167,60,59,25.8,20,30,0
15:25:18,168,60,59.1,26.3,20,30,0
15:25:19,169,60,59.1,26.3,20,30,0
15:25:20,170,60,59.2,26.4,20,30,0
15:25:21,171,60,59.2,26.6,20,30,0
15:25:22,172,60,59.3,26.7,20,30,0
15:25:23,173,60,59.4,27,20,30,0
15:25:24,174,60,59.4,27.1,20,30,0
15:25:25,175,60,59.4,27,20,30,0
15:25:26,176,60,59.5,27.5,20,30,0
15:25:27,177,60,59.5,27.6,20,30,0
15:25:28,178,60,59.6,27.5,20,30,0
15:25:29,179,60,59.6,27.5,20,30,0
15:25:30,180,60,59.7,27.9,20,30,0
15:25:31,181,60,59.8,28.5,20,30,0
15:25:32,182,60,59.8,28.5,20,30,0
15:25:33,183,60,59.8,28.4,20,30,0
15:25:34,184,60,59.8,28.7,20,30,0
15:25:35,185,60,59.9,28.7,20,30,0
15:25:36,186,60,59.9,28.9,20,30,0
15:25:37,187,60,60,29.3,20,30,0
15:25:38,188,60,60,29.6,20,30,0
15:25:39,189,60,60.1,29.7,20,30,0
15:25:40,190,60,60.1,29.9,20,30,0
15:25:41,191,60,60.1,30.2,20,30,0
15:25:42,192,60,60.2,30.4,20,30,0
15:25:43,193,60,60.3,31,20,30,0
15:25:44,194,60,60.3,31.1,20,30,0
15:25:45,195,60,60.4,31.5,20,30,0
15:25:46,196,60,60.4,31.5,20,30,0
15:25:47,197,60,60.5,32,20,30,0
15:25:48,198,60,60.5,32.2,20,30,0
15:25:49,199,60,60.5,32.5,20,30,0
15:25:50,200,60,60.6,33.1,20,30,0
15:25:51,201,60,60.6,33.1,20,30,0
15:25:52,202,60,60.7,33.5,20,30,0
15:25:53,203,60,60.7,33.7,20,30,0
15:25:54,204,60,60.8,34.2,20,30,0
15:25:55,205,60,60.8,34.6,20,30,0
15:25:56,206,60,60.8,34.8,20,30,0
15:25:57,207,60,60.9,35.3,20,30,0
15:25:58,208,60,60.9,35.7,20,30,0
15:25:59,209,60,61,36.1,20,30,0
15:26:00,210,60,61,36.5,20,30,0
15:26:01,211,60,61.1,36.9,20,30,0
15:26:02,212,60,61.1,37,20,30,0
15:26:03,213,60,61.1,37.3,20,30,0
15:26:04,214,60,61.2,37.8,20,30,0
15:26:05,215,60,61.2,38.2,20,30,0
15:26:06,216,60,61.2,38.3,20,30,0
15:26:07,217,60,61.3,39,20,30,0
15:26:08,218,60,61.3,39.3,20,30,0
15:26:09,219,60,61.3,39.8,20,30,0
15:26:10,220,60,61.4,40.4,20,30,0
15:26:11,221,60,61.4,40.5,20,30,0
15:26:12,222,60,61.5,41.2,20,30,0
15:26:13,223,60,61.5,41.6,20,30,0
15:26:14,224,60,61.5,41.6,20,30,0
15:26:15,225,60,61.5,42.1,20,30,0
15:26:16,226,60,61.6,42.7,20,30,0
15:26:17,227,60,61.6,43.1,20,20,0
15:26:18,228,60,61.7,43.7,20,20,0
15:26:19,229,60,61.7,44.2,20,20,0
15:26:20,230,60,61.8,45.2,20,20,0
15:26:21,231,60,61.8,45.5,20,20,0
15:26:22,232,60,61.8,46.3,20,20,0
15:26:23,233,60,61.8,46.7,20,20,0
15:26:24,234,60,61.9,47.4,20,20,0
15:26:25,235,60,61.9,48,20,20,0
15:26:26,236,60,62,48.8,20,20,0
15:26:27,237,60,61.9,49.2,20,20,0
15:26:28,238,60,62,50,20,20,0
15:26:29,239,60,62,50.6,20,20,0
15:26:30,240,60,62,50.7,20,20,0
15:26:31,241,60,62,51.4,20,20,0
15:26:32,242,60,61.9,51.5,20,20,0
15:26:33,243,60,61.9,52,20,20,0
15:26:34,244,60,61.8,52,20,20,0
15:26:35,245,60,61.8,52.1,20,20,0
15:26:36,246,60,61.7,52.2,20,20,0
15:26:37,247,60,61.6,52,20,20,0
15:26:38,248,60,61.5,52.3,20,20,0
15:26:39,249,60,61.5,52.5,20,20,0
15:26:40,250,60,61.4,52.3,20,20,0
15:26:41,251,60,61.3,52.3,20,20,0
15:26:42,252,60,61.2,52,20,20,0
15:26:43,253,60,61.1,51.9,20,20,0
15:26:44,254,60,61,51.6,20,20,0
15:26:45,255,60,60.9,51.4,20,20,0
15:26:46,256,60,60.9,51.4,20,20,0
15:26:47,257,60,60.8,51.4,20,20,0
15:26:48,258,60,60.7,51.2,20,20,0
15:26:49,259,60,60.7,51,20,20,0
15:26:50,260,60,60.6,50.8,20,20,0
15:26:51,261,60,60.5,50.4,20,20,0
15:26:53,262,60,60.4,50.2,20,20,0
15:26:53,263,60,60.4,50.1,20,20,0
15:26:54,264,60,60.3,49.8,20,20,0
15:26:56,265,60,60.2,49.5,20,20,0
15:26:56,266,60,60.2,49.2,20,20,0
15:26:57,267,60,60.1,48.7,20,20,0
15:26:59,268,60,60,48.3,20,20,0
15:26:59,269,60,59.9,48,20,20,0
15:27:00,270,60,59.9,47.8,20,20,0
15:27:01,271,60,59.8,47.3,20,20,0
15:27:03,272,60,59.7,47,20,20,0
15:27:04,273,60,59.6,46.4,20,20,0
15:27:04,274,60,59.6,45.8,20,20,0
15:27:06,275,60,59.5,45.6,20,20,0
15:27:07,276,60,59.5,45.1,20,20,0
15:27:08,277,60,59.4,44.6,20,20,0
15:27:08,278,60,59.3,44.1,20,20,0
15:27:10,279,60,59.2,43.5,20,20,0
15:27:10,280,60,59.2,43,20,20,0
15:27:12,281,60,59.1,42.6,20,20,0
15:27:13,282,60,59,41.8,20,20,0
15:27:14,283,60,59,41.2,20,20,0
15:27:15,284,60,58.9,40.5,20,20,0
15:27:16,285,60,58.8,39.9,20,20,0
15:27:17,286,60,58.8,39.7,20,20,0
15:27:18,287,60,58.7,38.7,20,20,0
15:27:19,288,60,58.6,38.1,20,20,0
15:27:20,289,60,58.6,37.4,20,20,0
15:27:21,290,60,58.5,36.4,20,20,0
15:27:22,291,60,58.4,35.9,20,20,0
15:27:23,292,60,58.4,35.3,20,20,0
15:27:24,293,60,58.3,34.5,20,20,0
15:27:25,294,60,58.2,33.5,20,20,0
15:27:26,295,60,58.2,33,20,20,0
15:27:27,296,60,58.1,32.2,20,20,0
15:27:28,297,60,58.1,31.6,20,20,0
15:27:29,298,60,58,30.6,20,20,0
15:27:30,299,60,58,29.9,20,20,0
15:27:31,300,60,57.8,28.8,20,20,0
15:27:32,301,60,57.8,28.1,20,20,0
15:27:33,302,60,57.8,27.5,20,20,0
15:27:34,303,60,57.8,26.7,20,20,0
15:27:35,304,60,57.8,26.5,20,20,0
15:27:36,305,60,57.8,26,20,20,0
15:27:37,306,60,57.8,25.3,20,20,0
15:27:38,307,60,57.9,25.1,20,20,0
15:27:39,308,60,58,25,20,20,0
15:27:40,309,60,58,25,20,20,0
15:27:41,310,60,58.1,24.6,20,20,0
15:27:42,311,60,58.3,25.4,20,20,0
15:27:43,312,60,58.3,24.8,20,20,0
15:27:44,313,60,58.3,24.4,20,20,0
15:27:45,314,60,58.3,24.2,20,20,0
15:27:46,315,60,58.4,24.2,20,20,0
15:27:47,316,60,58.5,24.2,20,20,0
15:27:48,317,60,58.6,24.3,20,20,0
15:27:49,318,60,58.7,24.3,20,15,0
15:27:50,319,60,58.8,24.5,20,15,0
15:27:51,320,60,58.9,24.7,20,15,0
15:27:52,321,60,58.9,24.5,20,15,0
15:27:53,322,60,59,24.6,20,15,0
15:27:54,323,60,59.1,24.8,20,15,0
15:27:55,324,60,59.2,24.9,20,15,0
15:27:56,325,60,59.3,25.3,20,15,0
15:27:57,326,60,59.5,25.7,20,15,0
15:27:58,327,60,59.5,25.5,20,15,0
15:27:59,328,60,59.6,25.8,20,15,0
15:28:00,329,60,59.6,26.1,20,15,0
15:28:01,330,60,59.7,26.5,20,15,0
15:28:02,331,60,59.8,26.9,20,15,0
15:28:03,332,60,59.9,27.3,20,15,0
15:28:04,333,60,60,27.6,20,15,0
15:28:05,334,60,60.2,28.6,20,15,0
15:28:06,335,60,60.2,28.8,20,15,0
15:28:07,336,60,60.2,29,20,15,0
15:28:08,337,60,60.3,29.4,20,15,0
15:28:09,338,60,60.4,30.1,20,15,0
15:28:10,339,60,60.4,30.4,20,15,0
15:28:11,340,60,60.5,31,20,15,0
15:28:12,341,60,60.6,31.6,20,15,0
15:28:13,342,60,60.7,32.3,20,15,0
15:28:14,343,60,60.9,33.5,20,15,0
15:28:15,344,60,60.9,33.8,20,15,0
15:28:16,345,60,60.9,34.1,20,15,0
15:28:17,346,60,61,35,20,15,0
15:28:18,347,60,61.1,35.6,20,15,0
15:28:19,348,60,61.2,36.5,20,15,0
15:28:20,349,60,61.2,37.2,20,15,0
15:28:21,350,60,61.3,38.2,20,15,0
15:28:22,351,60,61.3,38.6,20,15,0
15:28:23,352,60,61.4,39.6,20,15,0
15:28:24,353,60,61.5,40.5,20,15,0
15:28:25,354,60,61.6,41.5,20,15,0
15:28:26,355,60,61.7,42.5,20,15,0
15:28:27,356,60,61.8,43.4,20,15,0
15:28:28,357,60,61.8,44.2,20,15,0
15:28:29,358,60,61.9,45.1,20,15,0
15:28:30,359,60,62,46.2,20,15,0
15:28:30,360,60,62,47.2,20,15,0
15:28:32,361,60,62.1,48.3,20,15,0
15:28:33,362,60,62.2,49.3,20,15,0
15:28:34,363,60,62.1,49.8,20,15,0
15:28:35,364,60,62.1,50.4,20,15,0
15:28:36,365,60,62.1,51.1,20,15,0
15:28:37,366,60,62,51.5,20,15,0
15:28:38,367,60,62,51.8,20,15,0
15:28:39,368,60,61.9,52,20,15,0
15:28:40,369,60,61.9,52.5,20,15,0
15:28:41,370,60,61.8,52.7,20,15,0
15:28:42,371,60,61.7,52.7,20,15,0
15:28:43,372,60,61.6,52.7,20,15,0
15:28:44,373,60,61.5,52.9,20,15,0
15:28:45,374,60,61.4,52.7,20,15,0
15:28:46,375,60,61.3,52.7,20,15,0
15:28:47,376,60,61.2,52.5,20,15,0
15:28:48,377,60,61.1,52.6,20,15,0
15:28:49,378,60,61.1,52.7,20,15,0
15:28:50,379,60,60.9,52.3,20,15,0
15:28:51,380,60,60.8,52.3,20,15,0
15:28:52,381,60,60.7,51.9,20,15,0
15:28:53,382,60,60.6,51.7,20,15,0
15:28:54,383,60,60.5,51.3,20,15,0
15:28:55,384,60,60.5,51.3,20,15,0
15:28:56,385,60,60.4,50.9,20,15,0
15:28:57,386,60,60.3,50.7,20,15,0
15:28:58,387,60,60.2,50.1,20,15,0
15:28:59,388,60,60.1,49.5,20,15,0
15:29:00,389,60,60,49.3,20,15,0
15:29:01,390,60,59.9,49,20,15,0
15:29:02,391,60,59.9,48.6,20,15,0
15:29:03,392,60,59.8,48,20,15,0
15:29:04,393,60,59.7,47.5,20,15,0
15:29:05,394,60,59.6,47,20,15,0
15:29:06,395,60,59.5,46.2,20,15,0
15:29:07,396,60,59.4,45.9,20,15,0
15:29:08,397,60,59.4,45.2,20,15,0
15:29:09,398,60,59.3,44.8,20,15,0
15:29:10,399,60,59.2,43.9,20,15,0
15:29:11,400,60,59.1,43.3,20,15,0
15:29:12,401,60,59,42.5,20,15,0
15:29:13,402,60,58.9,41.7,20,15,0
15:29:14,403,60,58.9,41.1,20,15,0
15:29:15,404,60,58.9,40.6,20,15,0
15:29:16,405,60,58.7,39.6,20,15,0
15:29:17,406,60,58.7,38.8,20,15,0
15:29:18,407,60,58.6,37.7,20,15,0
15:29:19,408,60,58.5,37.1,20,15,0
15:29:20,409,60,58.5,36.2,20,15,0
15:29:21,410,60,58.3,35.1,20,15,0
15:29:22,411,60,58.3,34.3,20,15,0
15:29:23,412,60,58.2,33.3,20,15,0
15:29:24,413,60,58.1,32.3,20,15,0
15:29:25,414,60,58.1,31.4,20,15,0
15:29:26,415,60,58,30.5,20,15,0
15:29:27,416,60,57.9,29.4,20,15,0
15:29:28,417,60,57.9,28.3,20,15,0
15:29:29,418,60,57.8,27.2,20,15,0
15:29:30,419,60,57.7,26.2,20,15,0
15:29:31,420,60,57.8,25.5,20,15,0
15:29:32,421,60,57.8,25,20,15,0
15:29:33,422,60,57.8,24.4,20,15,0
15:29:34,423,60,58,24.6,20,15,0
15:29:35,424,60,58,23.8,20,15,0
15:29:36,425,60,58.1,23.8,20,15,0
15:29:37,426,60,58.1,23.3,20,15,0
15:29:38,427,60,58.3,23.3,20,15,0
15:29:39,428,60,58.3,23.1,20,15,0
15:29:40,429,60,58.5,23.3,20,15,0
15:29:41,430,60,58.6,23.3,20,15,0
15:29:42,431,60,58.6,23.1,20,15,0
15:29:43,432,60,58.7,23.1,20,15,0
15:29:44,433,60,58.9,23.5,20,15,0
15:29:45,434,60,58.9,23.1,20,15,0
15:29:46,435,60,59,23.4,20,15,0
15:29:47,436,60,59.1,23.6,20,15,0
15:29:48,437,60,59.3,24.1,20,15,0
15:29:49,438,60,59.3,24.1,20,15,0
15:29:50,439,60,59.4,24.4,20,15,0
15:29:51,440,60,59.5,24.6,20,15,0
15:29:52,441,60,59.6,25.2,20,15,0
15:29:53,442,60,59.7,25.4,20,15,0
15:29:54,443,60,59.9,26.2,20,15,0
15:29:55,444,60,59.9,26.5,20,15,0
15:29:56,445,60,60,26.7,20,15,0
15:29:57,446,60,60.2,27.7,20,15,0
15:29:58,447,60,60.2,27.9,20,15,0
15:29:59,448,60,60.3,28.6,20,15,0
15:30:00,449,60,60.4,29.1,20,15,0
15:30:01,450,60,60.5,29.6,20,15,0
15:30:02,451,60,60.5,30,20,15,0
15:30:03,452,60,60.7,31.1,20,15,0
15:30:04,453,60,60.7,31.5,20,15,0
15:30:05,454,60,60.8,32.4,20,15,0
15:30:06,455,60,61,33.5,20,15,0
15:30:07,456,60,61,33.9,20,15,0
15:30:08,457,60,61.1,34.5,20,15,0
15:30:09,458,60,61.2,35.6,20,15,0
15:30:10,459,60,61.3,36.5,20,15,0
15:30:11,460,60,61.3,37.1,20,15,0
15:30:12,461,60,61.4,37.9,20,15,0
15:30:13,462,60,61.5,38.9,20,15,0
15:30:14,463,60,61.6,40,20,15,0
15:30:15,464,60,61.7,40.8,20,15,0
15:30:16,465,60,61.8,42,20,15,0
15:30:17,466,60,61.8,42.9,20,15,0
15:30:18,467,60,61.9,43.8,20,15,0
15:30:19,468,60,62,45,20,15,0
15:30:20,469,60,62.1,46.1,20,15,0
15:30:21,470,60,62.2,47.2,20,15,0
15:30:22,471,60,62.2,48,20,15,0
15:30:23,472,60,62.3,49.4,20,15,0
15:30:24,473,60,62.3,50.1,20,15,0
15:30:25,474,60,62.3,50.6,20,15,0
15:30:26,475,60,62.2,51.2,20,15,0
15:30:27,476,60,62.2,51.8,20,15,0
15:30:28,477,60,62.1,52.1,20,15,0
15:30:29,478,60,62,52.2,20,15,0
15:30:30,479,60,61.9,52.5,20,15,0
15:30:31,480,60,61.9,52.8,20,15,0
15:30:32,481,60,61.7,52.7,20,15,0
15:30:33,482,60,61.7,53.1,20,15,0
15:30:34,483,60,61.6,53.2,20,15,0
15:30:35,484,60,61.5,53.2,20,15,0
15:30:36,485,60,61.4,53.2,20,15,0
15:30:37,486,60,61.3,53,20,15,0
15:30:38,487,60,61.2,53.2,20,15,0
15:30:39,488,60,61.1,52.9,20,15,0
15:30:40,489,60,61,52.8,20,15,0
15:30:41,490,60,60.9,52.4,20,15,0
