Flow Control Trainer (UT35A) -17-Mar-2025 15:19:06, , , ,, , , ,
Time,Time s,PV %,SP %,,OP %,PB %,IT s,DT s
15:09:43,1,41.6,50,,41.6,100,0,0
15:09:44,2,41.5,50,,41.5,100,0,0
15:09:45,3,41.5,50,,41.5,100,0,0
15:09:46,4,41.6,50,,41.6,100,0,0
15:09:47,5,41.4,50,,41.4,100,0,0
15:09:48,6,41.4,50,,41.4,100,0,0
15:09:49,7,42,50,,42,100,0,0
15:09:50,8,42,50,,42,100,0,0
15:09:51,9,41.8,50,,41.8,100,0,0
15:09:52,10,41.6,50,,41.6,100,0,0
15:09:53,11,41.6,80,,41.6,100,0,0
15:09:54,12,42.8,80,,12.8,100,0,0
15:09:55,13,51.6,80,,21.6,100,0,0
15:09:56,14,58.9,80,,28.9,100,0,0
15:09:57,15,63.5,80,,33.5,100,0,0
15:09:58,16,64.8,80,,34.8,100,0,0
15:09:59,17,64.1,80,,34.1,100,0,0
15:10:00,18,63.9,80,,33.9,100,0,0
15:10:01,19,63.4,80,,33.4,100,0,0
15:10:02,20,63.1,80,,33.1,100,0,0
15:10:03,21,63.4,80,,33.4,100,0,0
15:10:04,22,63.6,80,,33.6,100,0,0
15:10:05,23,63.7,80,,33.7,100,0,0
15:10:07,24,63.9,80,,33.9,100,0,0
15:10:07,25,63.2,80,,33.2,100,0,0
15:10:09,26,63.1,80,,33.1,100,0,0
15:10:09,27,63,80,,33,100,0,0
15:10:11,28,62.8,80,,32.8,100,0,0
15:10:12,29,63,80,,33,100,0,0
15:10:13,30,63.2,80,,33.2,100,0,0
15:10:14,31,63.2,80,,33.2,100,0,0
15:10:15,32,63.1,80,,33.1,100,0,0
15:10:16,33,63.6,80,,33.6,100,0,0
15:10:17,34,63.5,80,,33.5,100,0,0
15:10:18,35,63.3,80,,33.3,100,0,0
15:10:19,36,63.7,80,,33.7,100,0,0
15:10:20,37,63.3,80,,33.3,100,0,0
15:10:21,38,63.5,80,,33.5,100,0,0
15:10:22,39,63.8,80,,33.8,100,0,0
15:10:23,40,63.4,80,,33.4,100,0,0
15:10:24,41,63.3,80,,33.3,100,0,0
15:10:25,42,63.2,80,,33.2,100,0,0
15:10:26,43,63.4,80,,33.4,100,0,0
15:10:27,44,63.8,80,,33.8,100,0,0
15:10:28,45,64.1,80,,34.1,100,0,0
15:10:29,46,64,80,,34,100,0,0
15:10:30,47,63.4,80,,33.4,100,0,0
15:10:31,48,62.8,80,,32.8,100,0,0
15:10:32,49,63.4,80,,33.4,100,0,0
15:10:33,50,63,80,,33,100,0,0
15:10:34,51,63.3,80,,33.3,100,0,0
15:10:35,52,63.5,80,,33.5,100,0,0
15:10:36,53,63.8,80,,33.8,100,0,0
15:10:37,54,63.7,80,,33.7,100,0,0
15:10:38,55,63.7,80,,33.7,100,0,0
15:10:39,56,63.1,80,,33.1,100,0,0
15:10:40,57,63.4,80,,33.4,100,0,0
15:10:41,58,63.5,80,,33.5,100,0,0
15:10:42,59,63.4,80,,33.4,100,0,0
15:10:43,60,63.3,80,,33.3,100,0,0
15:10:44,61,63.7,80,,33.7,100,0,0
15:10:45,62,63.4,80,,33.4,100,0,0
15:10:46,63,63.5,80,,33.5,100,0,0
15:10:47,64,63.4,80,,33.4,100,0,0
15:10:48,65,64,80,,34,100,0,0
15:10:49,66,63.5,80,,33.5,100,0,0
15:10:50,67,63,80,,33,100,0,0
15:10:51,68,63,80,,33,100,0,0
15:10:52,69,63.5,80,,33.5,100,0,0
15:10:53,70,63.3,80,,33.3,100,0,0
15:10:54,71,63,80,,33,100,0,0
15:10:55,72,62.8,80,,32.8,100,0,0
15:10:56,73,63,80,,33,100,0,0
15:10:57,74,63.1,80,,33.1,100,0,0
15:10:58,75,62.8,80,,32.8,100,0,0
15:10:59,76,63.2,80,,33.2,100,0,0
15:11:00,77,63.6,80,,33.6,100,0,0
15:11:01,78,64.2,80,,34.2,100,0,0
15:11:02,79,64,80,,34,100,0,0
15:11:03,80,63.8,80,,33.8,100,0,0
15:11:04,81,63.6,80,,33.6,100,0,0
15:11:05,82,63.7,80,,33.7,100,0,0
15:11:06,83,64.1,80,,34.1,100,0,0
15:11:07,84,63.5,80,,33.5,100,0,0
15:11:08,85,63,80,,33,100,0,0
15:11:09,86,62.9,80,,32.9,100,0,0
15:11:10,87,62.8,80,,32.8,100,0,0
15:11:11,88,63.5,80,,33.5,100,0,0
15:11:12,89,63.5,80,,33.5,100,0,0
15:11:13,90,63.3,80,,33.3,100,0,0
15:11:14,91,63.3,80,,33.3,100,0,0
15:11:15,92,63.1,80,,33.1,100,0,0
15:11:16,93,63.4,80,,33.4,100,0,0
15:11:17,94,63.9,80,,33.9,100,0,0
15:11:18,95,63.5,80,,33.5,100,0,0
15:11:19,96,63.4,80,,33.4,100,0,0
15:11:20,97,63.4,80,,33.4,100,0,0
15:11:21,98,62.7,80,,32.7,100,0,0
15:11:22,99,63.2,80,,33.2,100,0,0
15:11:23,100,63.2,80,,33.2,100,0,0
15:11:24,101,63.4,80,,33.4,100,0,0
15:11:25,102,63.2,80,,33.2,100,0,0
15:11:26,103,63.6,80,,33.6,100,0,0
15:11:27,104,63.4,80,,33.4,100,0,0
15:11:28,105,63.3,80,,33.3,100,0,0
15:11:29,106,63.2,80,,33.2,100,0,0
15:11:30,107,63.3,80,,33.3,100,0,0
15:11:31,108,63.3,80,,33.3,100,0,0
15:11:32,109,63.4,80,,33.4,100,0,0
15:11:33,110,63.5,80,,33.5,100,0,0
15:11:34,111,63.4,80,,33.4,100,0,0
15:11:35,112,63.7,80,,33.7,100,0,0
15:11:36,113,63.4,80,,33.4,100,0,0
15:11:37,114,63.6,80,,33.6,100,0,0
15:11:38,115,63.2,80,,33.2,100,0,0
15:11:39,116,63.4,80,,33.4,100,0,0
15:11:40,117,63.3,80,,33.3,100,0,0
15:11:41,118,63.3,80,,33.3,100,0,0
15:11:42,119,62.8,80,,32.8,100,0,0
15:11:43,120,63.2,80,,33.2,100,0,0
15:11:44,121,62.9,80,,32.9,100,0,0
15:11:45,122,63,80,,33,100,0,0
15:11:46,123,63.2,80,,33.2,100,0,0
15:11:47,124,63.7,80,,33.7,100,0,0
15:11:48,125,63.8,80,,33.8,100,0,0
15:11:49,126,64.1,80,,34.1,100,0,0
15:11:50,127,63.8,80,,33.8,100,0,0
15:11:51,128,63.6,80,,33.6,100,0,0
15:11:52,129,63,80,,33,100,0,0
15:11:53,130,63.1,80,,33.1,100,0,0
15:11:54,131,63.2,80,,33.2,100,0,0
15:11:55,132,62.9,80,,32.9,100,0,0
15:11:56,133,62.8,80,,32.8,100,0,0
15:11:57,134,63,80,,33,100,0,0
15:11:58,135,63.4,80,,33.4,100,0,0
15:11:59,136,63.4,80,,33.4,100,0,0
15:12:00,137,63.2,80,,33.2,100,0,0
15:12:01,138,63.3,80,,33.3,100,0,0
15:12:02,139,63.5,80,,33.5,100,0,0
15:12:03,140,63.7,80,,33.7,100,0,0
15:12:04,141,63.7,80,,33.7,100,0,0
15:12:05,142,64.2,80,,34.2,100,0,0
15:12:06,143,64.3,80,,34.3,100,0,0
15:12:07,144,64,80,,34,100,0,0
15:12:08,145,63.5,80,,33.5,100,0,0
15:12:09,146,63.4,80,,33.4,100,0,0
15:12:10,147,63.3,80,,33.3,100,0,0
15:12:11,148,63.4,80,,33.4,100,0,0
15:12:12,149,63.7,80,,33.7,100,0,0
15:12:13,150,63.4,80,,33.4,100,0,0
15:12:14,151,63.1,80,,33.1,100,0,0
15:12:15,152,63.3,80,,33.3,100,0,0
15:12:16,153,63.2,80,,33.2,100,0,0
15:12:17,154,63.3,80,,33.3,100,0,0
15:12:18,155,62.9,80,,32.9,100,0,0
15:12:19,156,62.9,80,,32.9,100,0,0
15:12:20,157,62.5,80,,32.5,100,0,0
15:12:21,158,63,80,,33,100,0,0
15:12:22,159,63.4,80,,33.4,100,0,0
15:12:23,160,63.7,80,,33.7,100,0,0
15:12:24,161,63.4,80,,33.4,100,0,0
15:12:25,162,63.5,80,,33.5,100,0,0
15:12:26,163,63.7,80,,33.7,100,0,0
15:12:27,164,63.6,80,,33.6,100,0,0
15:12:28,165,63.6,80,,33.6,100,0,0
15:12:29,166,63.8,80,,33.8,100,0,0
15:12:30,167,63.6,80,,33.6,100,0,0
15:12:31,168,63.5,80,,33.5,100,0,0
15:12:32,169,63.2,80,,33.2,100,0,0
15:12:33,170,63.6,80,,33.6,100,0,0
15:12:34,171,63.9,80,,33.9,100,0,0
15:12:35,172,63.6,80,,33.6,100,0,0
15:12:36,173,63.1,80,,33.1,100,0,0
15:12:37,174,63.1,80,,33.1,100,0,0
15:12:38,175,63.3,80,,33.3,100,0,0
15:12:39,176,63.4,80,,33.4,100,0,0
15:12:40,177,63,80,,33,100,0,0
15:12:41,178,62.8,80,,32.8,100,0,0
15:12:42,179,62.5,80,,32.5,100,0,0
15:12:43,180,63.2,80,,33.2,100,0,0
15:12:44,181,63.5,80,,33.5,100,0,0
15:12:45,182,63.6,80,,33.6,100,0,0
15:12:46,183,63.4,80,,33.4,100,0,0
15:12:47,184,63.3,80,,33.3,100,0,0
15:12:48,185,63.2,80,,33.2,100,0,0
15:12:49,186,63.3,80,,33.3,100,0,0
15:12:50,187,62.7,80,,32.7,100,0,0
15:12:51,188,63.2,80,,33.2,100,0,0
15:12:52,189,63.1,80,,33.1,100,0,0
15:12:53,190,63.2,80,,33.2,100,0,0
15:12:54,191,62.7,80,,32.7,100,0,0
15:12:55,192,63,80,,33,100,0,0
15:12:56,193,63.4,80,,33.4,100,0,0
15:12:57,194,63.2,80,,33.2,100,0,0
15:12:58,195,63.6,80,,33.6,100,0,0
15:12:59,196,63.6,80,,33.6,100,0,0
15:13:00,197,63.1,80,,33.1,100,0,0
15:13:01,198,63.4,80,,33.4,100,0,0
15:13:02,199,63.4,80,,33.4,100,0,0
15:13:03,200,63.7,80,,33.7,100,0,0
15:13:04,201,63.9,80,,33.9,100,0,0
15:13:05,202,63.4,80,,33.4,100,0,0
15:13:06,203,63.6,80,,33.6,100,0,0
15:13:07,204,63.6,80,,33.6,100,0,0
15:13:08,205,64.4,80,,34.4,100,0,0
15:13:09,206,64,80,,34,100,0,0
15:13:10,207,64.2,80,,34.2,100,0,0
15:13:11,208,63.9,80,,33.9,100,0,0
15:13:12,209,63.7,80,,33.7,100,0,0
15:13:13,210,63.5,80,,33.5,100,0,0
15:13:14,211,63.7,80,,33.7,100,0,0
15:13:15,212,63.5,80,,33.5,100,0,0
15:13:16,213,63,80,,33,100,0,0
15:13:17,214,63,80,,33,100,0,0
15:13:18,215,63.2,80,,33.2,100,0,0
15:13:19,216,63.1,80,,33.1,100,0,0
15:13:20,217,63,80,,33,100,0,0
15:13:21,218,62.6,80,,32.6,100,0,0
15:13:22,219,63.1,80,,33.1,100,0,0
15:13:23,220,63.4,80,,33.4,100,0,0
15:13:24,221,63.2,80,,33.2,100,0,0
15:13:25,222,63.2,80,,33.2,100,0,0
15:13:26,223,63.1,80,,33.1,100,0,0
15:13:27,224,63.1,80,,33.1,100,0,0
15:13:28,225,62.9,80,,32.9,100,0,0
15:13:29,226,63.4,80,,33.4,100,0,0
15:13:30,227,63.3,80,,33.3,100,0,0
15:13:31,228,62.9,80,,32.9,100,0,0
15:13:32,229,62.6,80,,32.6,100,0,0
15:13:33,230,62.6,80,,32.6,100,0,0
15:13:34,231,62.5,80,,32.5,100,0,0
15:13:35,232,62.4,80,,32.4,100,0,0
15:13:36,233,63.2,80,,33.2,100,0,0
15:13:37,234,63.1,80,,33.1,100,0,0
15:13:38,235,63.2,80,,33.2,100,0,0
15:13:39,236,63,80,,33,100,0,0
15:13:40,237,62.8,80,,32.8,100,0,0
15:13:42,238,62.8,80,,32.8,100,0,0
15:13:42,239,63.1,50,,33.1,100,0,0
15:13:43,240,62.5,50,,62.5,100,0,0
15:13:45,241,54.7,50,,54.7,100,0,0
15:13:45,242,46.3,50,,46.3,100,0,0
15:13:46,243,41.5,50,,41.5,100,0,0
15:13:48,244,38.6,50,,38.6,100,0,0
15:13:48,245,38.1,50,,38.1,100,0,0
15:13:50,246,38.8,50,,38.8,100,0,0
15:13:51,247,39.7,50,,39.7,100,0,0
15:13:52,248,40.3,50,,40.3,100,0,0
15:13:53,249,41,50,,41,100,0,0
15:13:54,250,40.5,50,,40.5,100,0,0
15:13:55,251,41.1,50,,41.1,100,0,0
15:13:56,252,41,50,,41,100,0,0
15:13:57,253,41.1,50,,41.1,100,0,0
15:13:58,254,41,50,,41,100,0,0
15:13:59,255,40.7,50,,40.7,100,0,0
15:14:00,256,41.1,50,,41.1,100,0,0
15:14:01,257,41.3,50,,41.3,100,0,0
15:14:02,258,41.6,50,,41.6,100,0,0
15:14:03,259,41.6,50,,41.6,100,0,0
15:14:04,260,41.2,50,,41.2,100,0,0
15:14:05,261,40.8,50,,40.8,100,0,0
15:14:06,262,40.6,50,,40.6,100,0,0
15:14:07,263,40.9,50,,40.9,100,0,0
15:14:08,264,41.1,50,,41.1,100,0,0
15:14:09,265,41.3,50,,41.3,100,0,0
15:14:10,266,41,50,,41,100,0,0
15:14:11,267,41.1,50,,41.1,100,0,0
15:14:12,268,41,50,,41,100,0,0
15:14:13,269,41.3,50,,41.3,100,0,0
15:14:14,270,41.3,50,,41.3,100,0,0
15:14:15,271,41.2,50,,41.2,100,0,0
15:14:16,272,41,50,,41,100,0,0
15:14:17,273,41,50,,41,100,0,0
15:14:18,274,40.5,50,,40.5,100,0,0
15:14:19,275,40.2,50,,40.2,100,0,0
15:14:20,276,39.9,50,,39.9,100,0,0
15:14:21,277,40.2,50,,40.2,100,0,0
15:14:22,278,40.3,50,,40.3,100,0,0
15:14:23,279,40.2,50,,40.2,100,0,0
15:14:24,280,40.1,50,,40.1,100,0,0
15:14:25,281,40.1,50,,40.1,100,0,0
15:14:26,282,40,50,,40,100,0,0
15:14:27,283,39.9,50,,39.9,100,0,0
15:14:28,284,39.9,50,,39.9,100,0,0
15:14:29,285,39.8,50,,39.8,100,0,0
15:14:30,286,39.8,50,,39.8,100,0,0
15:14:31,287,39.7,50,,39.7,100,0,0
15:14:32,288,39.8,50,,39.8,100,0,0
15:14:33,289,39.5,50,,39.5,100,0,0
15:14:34,290,39.5,50,,39.5,100,0,0
15:14:35,291,39.4,50,,39.4,100,0,0
15:14:36,292,39.3,50,,39.3,100,0,0
15:14:37,293,39.4,50,,39.4,100,0,0
15:14:38,294,39.5,50,,39.5,100,0,0
15:14:39,295,39.6,50,,39.6,100,0,0
15:14:40,296,39.6,50,,39.6,100,0,0
15:14:41,297,39.6,50,,39.6,100,0,0
15:14:42,298,39.7,50,,39.7,100,0,0
15:14:43,299,39.8,50,,39.8,100,0,0
15:14:44,300,39.9,50,,39.9,100,0,0
15:14:45,301,39.4,50,,39.4,100,0,0
15:14:46,302,40,50,,40,100,0,0
15:14:47,303,40,50,,40,100,0,0
15:14:48,304,40.1,50,,40.1,100,0,0
15:14:49,305,40.4,50,,40.4,100,0,0
15:14:50,306,40.4,50,,40.4,100,0,0
15:14:51,307,40.4,50,,40.4,100,0,0
15:14:52,308,40.1,50,,40.1,100,0,0
15:14:53,309,40.4,50,,40.4,100,0,0
15:14:54,310,40.2,50,,40.2,100,0,0
15:14:55,311,40.3,50,,40.3,100,0,0
15:14:56,312,40.3,50,,40.3,100,0,0
15:14:57,313,39.9,50,,39.9,100,0,0
15:14:58,314,39.8,50,,39.8,100,0,0
15:14:59,315,39.6,50,,39.6,100,0,0
15:15:00,316,39.6,50,,39.6,100,0,0
15:15:01,317,40.1,50,,40.1,100,0,0
15:15:02,318,40.6,50,,40.6,100,0,0
15:15:03,319,40.6,50,,40.6,100,0,0
15:15:04,320,40.5,50,,40.5,100,0,0
15:15:05,321,40,50,,40,100,0,0
15:15:06,322,40.3,50,,40.3,100,0,0
15:15:07,323,40,50,,40,100,0,0
15:15:08,324,39.9,50,,39.9,100,0,0
15:15:09,325,40.1,50,,40.1,100,0,0
15:15:10,326,40.2,50,,40.2,100,0,0
15:15:11,327,40.1,50,,40.1,100,0,0
15:15:12,328,40.2,50,,40.2,100,0,0
15:15:13,329,40.3,50,,40.3,100,0,0
15:15:14,330,40.1,50,,40.1,100,0,0
15:15:15,331,40,50,,40,100,0,0
15:15:16,332,40,50,,40,100,0,0
15:15:17,333,39.9,50,,39.9,100,0,0
15:15:18,334,40.1,50,,40.1,100,0,0
15:15:19,335,40.3,50,,40.3,100,0,0
15:15:20,336,40.4,50,,40.4,100,0,0
15:15:21,337,40.4,50,,40.4,100,0,0
15:15:22,338,39.9,50,,39.9,100,0,0
15:15:23,339,40,50,,40,100,0,0
15:15:24,340,39.8,50,,39.8,100,0,0
15:15:25,341,39.7,50,,39.7,100,0,0
15:15:26,342,39.8,50,,39.8,100,0,0
15:15:27,343,39.8,50,,39.8,100,0,0
15:15:28,344,39.6,50,,39.6,100,0,0
15:15:29,345,40,50,,40,100,0,0
15:15:30,346,39.9,50,,39.9,100,0,0
15:15:31,347,40,50,,40,100,0,0
15:15:32,348,40,50,,40,100,0,0
15:15:33,349,39.9,50,,39.9,100,0,0
15:15:34,350,39.7,50,,39.7,100,0,0
15:15:35,351,39.8,50,,39.8,100,0,0
15:15:36,352,40,50,,40,100,0,0
15:15:37,353,40.1,50,,40.1,100,0,0
15:15:38,354,40.1,50,,40.1,100,0,0
15:15:39,355,40.1,50,,40.1,100,0,0
15:15:40,356,40.2,50,,40.2,100,0,0
15:15:41,357,39.9,50,,39.9,100,0,0
15:15:42,358,39.9,50,,39.9,100,0,0
15:15:43,359,40.2,50,,40.2,100,0,0
15:15:44,360,40.6,50,,40.6,100,0,0
15:15:45,361,40.3,50,,40.3,100,0,0
15:15:46,362,40.1,50,,40.1,100,0,0
15:15:47,363,39.9,50,,39.9,100,0,0
15:15:48,364,39.9,50,,39.9,100,0,0
15:15:49,365,39.9,50,,39.9,100,0,0
15:15:50,366,40.1,50,,40.1,100,0,0
15:15:51,367,40.3,50,,40.3,100,0,0
15:15:52,368,40.2,50,,40.2,100,0,0
15:15:53,369,40.2,50,,40.2,100,0,0
15:15:54,370,40.6,50,,40.6,100,0,0
15:15:55,371,40.5,50,,40.5,100,0,0
15:15:56,372,40.3,50,,40.3,100,0,0
15:15:57,373,40.3,50,,40.3,100,0,0
15:15:58,374,40.2,50,,40.2,100,0,0
15:15:59,375,40.1,50,,40.1,100,0,0
15:16:00,376,39.9,50,,39.9,100,0,0
15:16:01,377,39.7,50,,39.7,100,0,0
15:16:02,378,39.9,50,,39.9,100,0,0
15:16:03,379,40.1,50,,40.1,100,0,0
15:16:04,380,39.9,50,,39.9,100,0,0
15:16:05,381,39.5,50,,39.5,100,0,0
15:16:06,382,40,50,,40,100,0,0
15:16:07,383,40,50,,40,100,0,0
15:16:08,384,40.1,50,,40.1,100,0,0
15:16:09,385,40.1,50,,40.1,100,0,0
15:16:10,386,40.1,50,,40.1,100,0,0
15:16:11,387,40,50,,40,100,0,0
15:16:12,388,39.9,50,,39.9,100,0,0
15:16:13,389,39.7,50,,39.7,100,0,0
15:16:14,390,39.4,50,,39.4,100,0,0
15:16:15,391,39.6,50,,39.6,100,0,0
15:16:16,392,39.4,50,,39.4,100,0,0
15:16:17,393,39.7,50,,39.7,100,0,0
15:16:18,394,39.8,50,,39.8,100,0,0
15:16:19,395,39.8,50,,39.8,100,0,0
15:16:20,396,39.8,50,,39.8,100,0,0
15:16:21,397,39.6,50,,39.6,100,0,0
15:16:22,398,39.5,50,,39.5,100,0,0
15:16:23,399,39.9,50,,39.9,100,0,0
15:16:24,400,39.8,50,,39.8,100,0,0
15:16:25,401,39.5,50,,39.5,100,0,0
15:16:26,402,39.5,50,,39.5,100,0,0
15:16:27,403,39.3,50,,39.3,100,0,0
15:16:28,404,39.5,50,,39.5,100,0,0
15:16:29,405,40,50,,40,100,0,0
15:16:30,406,40.2,50,,40.2,100,0,0
15:16:31,407,40.3,50,,40.3,100,0,0
15:16:32,408,40.1,50,,40.1,100,0,0
15:16:33,409,40.2,50,,40.2,100,0,0
15:16:34,410,40.1,50,,40.1,100,0,0
15:16:35,411,39.8,50,,39.8,100,0,0
15:16:36,412,39.8,50,,39.8,100,0,0
15:16:37,413,39.9,50,,39.9,100,0,0
15:16:38,414,40.2,50,,40.2,100,0,0
15:16:39,415,39.9,50,,39.9,100,0,0
15:16:40,416,39.8,50,,39.8,100,0,0
15:16:41,417,39.8,50,,39.8,100,0,0
15:16:42,418,39.8,50,,39.8,100,0,0
15:16:43,419,40.1,50,,40.1,100,0,0
15:16:44,420,39.9,50,,39.9,100,0,0
15:16:45,421,39.9,50,,39.9,66,0,0
15:16:46,422,39.9,50,,34.7,66,0,0
15:16:47,423,40.1,50,,35,66,0,0
15:16:48,424,40.6,50,,35.8,66,0,0
15:16:49,425,41,50,,36.3,66,0,0
15:16:50,426,41.6,50,,37.3,66,0,0
15:16:51,427,42.1,80,,38,66,0,0
15:16:52,428,43.7,80,,0,66,0,0
15:16:53,429,55.8,80,,13.3,66,0,0
15:16:54,430,64.8,80,,26.9,66,0,0
15:16:55,431,68.5,80,,32.6,66,0,0
15:16:56,432,68.4,80,,32.5,66,0,0
15:16:57,433,67.1,80,,30.5,66,0,0
15:16:58,434,67,80,,30.4,66,0,0
15:16:59,435,66.7,80,,29.8,66,0,0
15:17:00,436,66,80,,28.8,66,0,0
15:17:01,437,65.8,80,,28.5,66,0,0
15:17:02,438,65.8,80,,28.5,66,0,0
15:17:03,439,65.8,80,,28.5,66,0,0
15:17:04,440,66.2,80,,29.1,66,0,0
15:17:05,441,65.9,80,,28.6,66,0,0
15:17:06,442,65.8,80,,28.5,66,0,0
15:17:07,443,66,80,,28.9,66,0,0
15:17:08,444,66.4,80,,29.4,66,0,0
15:17:09,445,66.5,80,,29.6,66,0,0
15:17:10,446,66.4,80,,29.4,66,0,0
15:17:11,447,65.8,80,,28.5,66,0,0
15:17:12,448,66.5,80,,29.5,66,0,0
15:17:13,449,66.2,80,,29.1,66,0,0
15:17:14,450,66.1,80,,29,66,0,0
15:17:15,451,66.1,80,,28.9,66,0,0
15:17:16,452,66.1,80,,28.9,66,0,0
15:17:17,453,65.8,80,,28.5,66,0,0
15:17:18,454,65.9,80,,28.7,66,0,0
15:17:19,455,65.8,80,,28.5,66,0,0
15:17:20,456,66.2,80,,29.1,66,0,0
15:17:21,457,66.2,80,,29.1,66,0,0
15:17:22,458,65.7,80,,28.3,66,0,0
15:17:23,459,65.8,80,,28.4,66,0,0
15:17:24,460,65.9,80,,28.6,66,0,0
15:17:25,461,65.6,80,,28.1,66,0,0
15:17:26,462,65.6,80,,28.2,66,0,0
15:17:27,463,66.5,80,,29.5,66,0,0
15:17:28,464,66.3,80,,29.3,66,0,0
15:17:29,465,66.3,80,,29.2,66,0,0
15:17:30,466,65.5,80,,28.1,66,0,0
15:17:31,467,65.7,80,,28.3,66,0,0
15:17:32,468,66.2,80,,29.1,66,0,0
15:17:33,469,66.2,80,,29.1,66,0,0
15:17:34,470,66.4,80,,29.4,66,0,0
15:17:35,471,65.9,80,,28.7,66,0,0
15:17:36,472,65.7,80,,28.4,66,0,0
15:17:37,473,65.5,80,,28,66,0,0
15:17:38,474,65.7,80,,28.3,66,0,0
15:17:39,475,66.2,80,,29.2,66,0,0
15:17:40,476,66.7,80,,29.9,66,0,0
15:17:41,477,66.3,80,,29.2,66,0,0
15:17:42,478,66.1,80,,29,66,0,0
15:17:43,479,65.6,80,,28.2,66,0,0
15:17:44,480,65.1,80,,27.4,66,0,0
15:17:45,481,65.5,80,,28,66,0,0
15:17:46,482,65.7,80,,28.3,66,0,0
15:17:47,483,66.5,80,,29.5,66,0,0
15:17:48,484,66.9,80,,30.1,66,0,0
15:17:49,485,66.8,80,,29.9,66,0,0
15:17:50,486,66.7,80,,29.9,66,0,0
15:17:51,487,66.2,80,,29.1,66,0,0
15:17:52,488,65.9,80,,28.7,66,0,0
15:17:53,489,65.8,80,,28.5,66,0,0
15:17:54,490,66,80,,28.8,66,0,0
15:17:55,491,66,80,,28.8,66,0,0
15:17:56,492,65.8,80,,28.4,66,0,0
15:17:57,493,65.7,80,,28.3,66,0,0
15:17:58,494,66,80,,28.8,66,0,0
15:17:59,495,66,80,,28.8,66,0,0
15:18:00,496,66.2,80,,29.1,66,0,0
15:18:01,497,66,80,,28.8,66,0,0
15:18:02,498,65.5,80,,28,66,0,0
15:18:03,499,64.8,80,,27,66,0,0
15:18:04,500,65,80,,27.2,66,0,0
15:18:05,501,65.4,80,,27.8,66,0,0
15:18:06,502,66.1,80,,28.9,66,0,0
15:18:07,503,66.2,80,,29.2,66,0,0
15:18:08,504,66.6,80,,29.7,66,0,0
15:18:09,505,66.6,80,,29.7,66,0,0
15:18:10,506,66.3,80,,29.2,66,0,0
15:18:11,507,66,80,,28.9,66,0,0
15:18:12,508,65.9,80,,28.6,66,0,0
15:18:13,509,66,80,,28.8,66,0,0
15:18:14,510,66.1,80,,29,66,0,0
15:18:15,511,65.9,80,,28.6,66,0,0
15:18:16,512,66.3,80,,29.3,66,0,0
15:18:17,513,66.3,80,,29.2,66,0,0
15:18:18,514,66.1,80,,29,66,0,0
15:18:19,515,66.2,80,,29.1,66,0,0
15:18:20,516,65.8,80,,28.5,66,0,0
15:18:21,517,65.7,80,,28.3,66,0,0
15:18:22,518,65.7,80,,28.3,66,0,0
15:18:23,519,66,80,,28.7,66,0,0
15:18:24,520,65.2,80,,27.6,66,0,0
15:18:25,521,66.3,80,,29.3,66,0,0
15:18:26,522,66.1,80,,28.9,66,0,0
15:18:27,523,66.1,80,,29,66,0,0
15:18:28,524,66.5,80,,29.6,66,0,0
15:18:29,525,66.7,80,,29.8,66,0,0
15:18:30,526,66.4,80,,29.4,66,0,0
15:18:31,527,66,80,,28.7,66,0,0
15:18:32,528,66,80,,28.7,66,0,0
15:18:33,529,66.1,80,,29,66,0,0
15:18:34,530,66.2,80,,29.1,66,0,0
15:18:35,531,65.9,80,,28.6,66,0,0
15:18:36,532,65.7,80,,28.4,66,0,0
15:18:37,533,66,80,,28.8,66,0,0
15:18:38,534,65.8,80,,28.5,66,0,0
15:18:39,535,66,80,,28.7,66,0,0
15:18:40,536,66.2,80,,29,66,0,0
15:18:41,537,66.4,80,,29.4,66,0,0
15:18:42,538,66.3,80,,29.2,66,0,0
15:18:43,539,65.7,80,,28.3,66,0,0
15:18:44,540,65.7,80,,28.3,66,0,0
15:18:45,541,65.9,80,,28.7,66,0,0
15:18:46,542,66.4,80,,29.5,66,0,0
15:18:47,543,65.8,80,,28.5,66,0,0
15:18:48,544,65.6,80,,28.1,66,0,0
15:18:49,545,65.2,80,,27.5,66,0,0
15:18:50,546,65.5,80,,28,66,0,0
15:18:51,547,65.6,80,,28.2,66,0,0
15:18:52,548,65.8,80,,28.4,66,0,0
15:18:53,549,65.8,80,,28.5,66,0,0
15:18:54,550,65.7,80,,28.4,66,0,0
15:18:55,551,66.2,80,,29.1,66,0,0
15:18:56,552,66.1,80,,29,66,0,0
15:18:57,553,66,80,,28.9,66,0,0
15:18:58,554,65.9,80,,28.7,66,0,0
15:18:59,555,65.7,80,,28.4,66,0,0
15:19:00,556,65.5,80,,28,66,0,0
15:19:01,557,65.8,80,,28.5,66,0,0
15:19:02,558,66,80,,28.8,66,0,0
15:19:03,559,65.7,80,,28.3,66,0,0
15:19:04,560,65.8,80,,28.5,66,0,0
