Flow Control Trainer (UT35A) -24-Mar-2025 16:00:32, , , , , , ,
Time,Time s,SP %,PV %,OP %,PB %,IT s,DT s
15:46:57,1,50,49.4,47.2,100,20,1
15:46:58,2,50,49.3,47.2,100,20,1
15:46:59,3,50,49.2,47.1,100,20,1
15:47:00,4,50,49.3,47.2,100,20,1
15:47:01,5,50,49.3,47.1,100,20,1
15:47:02,6,50,49.4,47.2,100,20,1
15:47:03,7,50,49.2,46.9,100,20,1
15:47:04,8,50,49.4,47.3,100,20,1
15:47:05,9,50,49.3,46.7,100,20,1
15:47:06,10,50,49,46.4,100,20,1
15:47:07,11,50,49.2,46.9,100,20,1
15:47:08,12,50,49.3,47.1,100,20,1
15:47:09,13,50,49.3,46.8,100,20,1
15:47:10,14,50,49.5,47.1,100,20,1
15:47:11,15,50,49.6,47.2,100,20,1
15:47:12,16,50,49.6,47,100,20,1
15:47:13,17,50,49.8,47.4,100,20,1
15:47:14,18,50,49.7,47,100,20,1
15:47:15,19,50,49.8,47.1,100,20,1
15:47:16,20,50,49.8,47.4,100,20,1
15:47:17,21,50,49.6,46.7,100,20,1
15:47:18,22,50,49.8,47.6,100,20,1
15:47:19,23,50,49.7,46.9,100,20,1
15:47:20,24,50,49.8,47.1,100,20,1
15:47:21,25,50,49.7,47,100,20,1
15:47:22,26,50,49.6,46.7,100,20,1
15:47:23,27,50,49.5,46.7,100,20,1
15:47:24,28,50,49.4,46.8,100,20,1
15:47:25,29,50,49.4,46.6,100,20,1
15:47:26,30,80,49.4,46.7,100,20,1
15:47:27,31,80,50.2,17.9,100,20,1
15:47:28,32,80,58.8,32.5,100,20,1
15:47:29,33,80,65.9,36,100,20,1
15:47:30,34,80,69.1,35,100,20,1
15:47:31,35,80,70.7,35.1,100,20,1
15:47:32,36,80,71.4,34.6,100,20,1
15:47:33,37,80,72.2,34.8,100,20,1
15:47:34,38,80,72.7,34.8,100,20,1
15:47:35,39,80,73,34.4,100,20,1
15:47:36,40,80,72.9,33.4,100,20,1
15:47:37,41,80,72.7,33.1,100,20,1
15:47:38,42,80,72.9,33.3,100,20,1
15:47:39,43,80,73.2,33.1,100,20,1
15:47:40,44,80,73.2,32.7,100,20,1
15:47:41,45,80,73.1,32.1,100,20,1
15:47:42,46,80,72.9,31.4,100,20,1
15:47:43,47,80,72.7,31,100,20,1
15:47:44,48,80,72.9,31.2,100,20,1
15:47:45,49,80,73,30.9,100,20,1
15:47:46,50,80,72.9,30.1,100,20,1
15:47:47,51,80,72.9,29.9,100,20,1
15:47:48,52,80,73,29.4,100,20,1
15:47:49,53,80,72.6,28.6,100,20,1
15:47:50,54,80,72.8,28.7,100,20,1
15:47:51,55,80,72.8,28.2,100,20,1
15:47:52,56,80,73.1,28.6,100,20,1
15:47:53,57,80,72.8,27.1,100,20,1
15:47:54,58,80,72.8,27.4,100,20,1
15:47:55,59,80,72.7,26.7,100,20,1
15:47:56,60,80,72.8,26.5,100,20,1
15:47:57,61,80,72.5,25.5,100,20,1
15:47:58,62,80,72.3,25.2,100,20,1
15:47:59,63,80,72.4,25.2,100,20,1
15:48:00,64,80,72.7,25.1,100,20,1
15:48:01,65,80,73.1,25.3,100,20,1
15:48:02,66,80,73.2,24.8,100,20,1
15:48:03,67,80,73.7,25.3,100,20,1
15:48:04,68,80,73.9,24.7,100,20,1
15:48:05,69,80,73.6,24,100,20,1
15:48:06,70,80,74,24.9,100,20,1
15:48:07,71,80,74.9,25.7,100,20,1
15:48:08,72,80,75.6,26,100,20,1
15:48:09,73,80,75.7,25.2,100,20,1
15:48:10,74,80,75.7,24.9,100,20,1
15:48:11,75,80,75.8,25,100,20,1
15:48:12,76,80,76.1,25.1,100,20,1
15:48:13,77,80,76,24.7,100,20,1
15:48:14,78,80,76.2,24.5,100,20,1
15:48:15,79,80,75.8,23.6,100,20,1
15:48:16,80,80,75.3,22.9,100,20,1
15:48:17,81,80,75.7,23.9,100,20,1
15:48:18,82,80,76.2,24.3,100,20,1
15:48:19,83,80,76.2,23.6,100,20,1
15:48:20,84,80,76.2,23.4,100,20,1
15:48:21,85,80,76.4,23.8,100,20,1
15:48:22,86,80,76.5,23.4,100,20,1
15:48:23,87,80,77.1,24.3,100,20,1
15:48:24,88,80,77.1,23.7,100,20,1
15:48:25,89,80,77,23.3,100,20,1
15:48:26,90,80,77,23.2,100,20,1
15:48:27,91,80,77.2,23.6,100,20,1
15:48:28,92,80,77.3,23.1,100,20,1
15:48:29,93,80,77.2,23,100,20,1
15:48:30,94,80,77.3,23,100,20,1
15:48:31,95,80,77.2,22.8,100,20,1
15:48:32,96,80,77.3,22.7,100,20,1
15:48:33,97,80,77.5,23.1,100,20,1
15:48:34,98,80,77.9,23.3,100,20,1
15:48:35,99,80,78.1,23.1,100,20,1
15:48:36,100,80,78.2,23.5,100,20,1
15:48:37,101,80,78.5,23.6,100,20,1
15:48:38,102,80,78.4,23.4,100,20,1
15:48:39,103,80,78.5,23.1,100,20,1
15:48:40,104,80,78.2,22.7,100,20,1
15:48:41,105,80,78.3,23,100,20,1
15:48:42,106,80,78.2,22.6,100,20,1
15:48:43,107,80,78.2,22.8,100,20,1
15:48:44,108,80,78.4,23,100,20,1
15:48:45,109,80,78.5,22.8,100,20,1
15:48:46,110,80,78.7,23,100,20,1
15:48:47,111,80,78.6,22.5,100,20,1
15:48:48,112,80,78.3,22.1,100,20,1
15:48:49,113,80,78.5,22.9,100,20,1
15:48:50,114,80,79,23.3,100,20,1
15:48:51,115,80,79.1,23.4,100,20,1
15:48:52,116,80,79.3,23.2,100,20,1
15:48:53,117,80,79.4,23.1,100,20,1
15:48:54,118,80,79.3,23,100,20,1
15:48:55,119,80,79.4,23.3,100,20,1
15:48:56,120,80,79.4,23,100,20,1
15:48:58,121,80,79.8,23.8,100,20,1
15:48:58,122,80,79.8,23.4,100,20,1
15:48:59,123,80,79.8,23.7,100,20,1
15:49:00,124,80,79.8,23.4,100,20,1
15:49:01,125,80,79.8,23.6,100,20,1
15:49:02,126,80,80.1,23.7,100,20,1
15:49:03,127,80,80.1,23.6,100,20,1
15:49:04,128,80,79.8,23.2,100,20,1
15:49:05,129,80,79.5,23,100,20,1
15:49:06,130,80,79.7,23.7,100,20,1
15:49:07,131,80,79.8,23.4,100,20,1
15:49:08,132,80,79.6,22.9,100,20,1
15:49:09,133,80,79.7,23.2,100,20,1
15:49:10,134,80,79.5,22.8,100,20,1
15:49:11,135,80,79.7,23.4,100,20,1
15:49:12,136,80,79.7,23.2,100,20,1
15:49:13,137,80,79.9,23.6,100,20,1
15:49:14,138,80,80.2,23.9,100,20,1
15:49:15,139,80,80.2,23.6,100,20,1
15:49:16,140,80,80.3,23.7,100,20,1
15:49:17,141,80,80,23.2,100,20,1
15:49:18,142,80,80,23.7,100,20,1
15:49:19,143,80,80.1,23.8,100,20,1
15:49:21,144,80,79.8,23,100,20,1
15:49:21,145,80,80,23.7,100,20,1
15:49:22,146,80,80,23.5,100,20,1
15:49:23,147,80,79.8,23.1,100,20,1
15:49:24,148,80,80.1,23.8,100,20,1
15:49:25,149,80,80.1,23.7,100,20,1
15:49:27,150,80,80.2,23.7,100,20,1
15:49:27,151,80,79.8,22.9,100,20,1
15:49:28,152,80,80,23.9,100,20,1
15:49:30,153,80,80.1,23.6,100,20,1
15:49:30,154,80,80.4,24.2,100,20,1
15:49:31,155,80,80.1,23.5,100,20,1
15:49:32,156,80,80.3,24.1,100,20,1
15:49:33,157,80,80.1,23.3,100,20,1
15:49:34,158,80,79.9,23.5,100,20,1
15:49:36,159,80,80.2,24,100,20,1
15:49:36,160,80,80.4,24,100,20,1
15:49:37,161,80,80.6,24.4,100,20,1
15:49:39,162,80,80.3,23.4,100,20,1
15:49:39,163,80,80.1,23.3,100,20,1
15:49:40,164,80,80.2,24.2,100,20,1
15:49:41,165,80,80.3,24.1,100,20,1
15:49:42,166,80,80.5,24.2,100,20,1
15:49:43,167,80,80.4,24.1,100,20,1
15:49:44,168,80,80.3,23.9,100,20,1
15:49:46,169,80,80.6,24.5,100,20,1
15:49:46,170,80,80.3,23.8,100,20,1
15:49:48,171,80,80.1,23.9,100,20,1
15:49:49,172,80,80.1,23.9,100,20,1
15:49:49,173,80,80.6,24.9,100,20,1
15:49:51,174,80,80.6,24.4,100,20,1
15:49:52,175,80,80.7,24.7,100,20,1
15:49:53,176,80,80.9,25,100,20,1
15:49:54,177,80,80.8,24.5,100,20,1
15:49:55,178,80,80.8,24.6,100,20,1
15:49:56,179,80,80.7,24.8,100,20,1
15:49:57,180,80,80.4,24.2,100,20,1
15:49:58,181,80,80.2,23.9,100,20,1
15:49:59,182,80,80.2,24.3,100,20,1
15:50:00,183,80,80.2,24.3,100,20,1
15:50:01,184,80,80.1,24.1,100,20,1
15:50:02,185,80,80.1,24.1,100,20,1
15:50:03,186,80,80.2,24.4,100,20,1
15:50:04,187,80,80.5,24.9,100,20,1
15:50:05,188,80,80.3,24.1,100,20,1
15:50:06,189,80,80.5,24.7,100,20,1
15:50:07,190,80,80.6,25,100,20,1
15:50:08,191,80,80.7,25,100,20,1
15:50:09,192,80,80.6,24.7,100,20,1
15:50:10,193,80,80.6,25.1,100,20,1
15:50:11,194,80,80.7,25,100,20,1
15:50:12,195,80,80.4,24.4,100,20,1
15:50:13,196,80,80.4,24.9,100,20,1
15:50:14,197,80,80.3,24.5,100,20,1
15:50:15,198,80,80.3,24.7,100,20,1
15:50:16,199,80,80.3,24.8,100,20,1
15:50:17,200,80,80.3,24.7,100,20,1
15:50:18,201,80,80.3,24.6,100,20,1
15:50:19,202,80,80,24.3,100,20,1
15:50:20,203,80,80,24.4,100,20,1
15:50:21,204,80,80.1,24.5,100,20,1
15:50:22,205,80,80,24.2,100,20,1
15:50:23,206,80,79.7,24,100,20,1
15:50:24,207,80,80,24.8,100,20,1
15:50:25,208,80,80.2,25.1,100,20,1
15:50:26,209,80,80.5,25.1,100,20,1
15:50:27,210,80,80.4,24.6,100,20,1
15:50:28,211,80,80.3,24.8,100,20,1
15:50:29,212,80,80.3,25,100,20,1
15:50:30,213,80,80,24.2,100,20,1
15:50:31,214,80,80.3,25.1,100,20,1
15:50:32,215,80,80.3,24.9,100,20,1
15:50:33,216,80,80.4,25.1,100,20,1
15:50:34,217,80,80.3,24.9,100,20,1
15:50:35,218,80,80.4,25.1,100,20,1
15:50:36,219,80,80.2,24.5,100,20,1
15:50:37,220,80,80.1,24.6,100,20,1
15:50:38,221,80,80.1,24.7,100,20,1
15:50:39,222,80,80.2,25.1,100,20,1
15:50:40,223,80,80.2,24.8,100,20,1
15:50:41,224,80,80.2,24.9,100,20,1
15:50:42,225,80,80.1,24.6,100,20,1
15:50:43,226,80,80.2,25,100,20,1
15:50:44,227,80,80.1,24.9,100,20,1
15:50:45,228,80,80,24.5,100,20,1
15:50:46,229,80,79.9,24.5,100,20,1
15:50:47,230,80,79.9,24.8,100,20,1
15:50:48,231,80,79.9,24.5,100,20,1
15:50:49,232,80,79.9,24.7,100,20,1
15:50:50,233,80,80.2,25.3,100,20,1
15:50:51,234,80,80.1,24.5,100,20,1
15:50:52,235,80,79.9,24.5,100,20,1
15:50:53,236,80,80.2,25.3,100,20,1
15:50:54,237,80,80.5,25.3,100,20,1
15:50:55,238,80,80.3,24.8,100,20,1
15:50:56,239,80,80.4,25.3,100,20,1
15:50:57,240,80,80.3,25,100,20,1
15:50:58,241,80,80.3,24.8,100,20,1
15:50:59,242,80,80.3,25,100,20,1
15:51:00,243,80,80.2,25,100,20,1
15:51:01,244,80,80,24.5,100,20,1
15:51:02,245,80,80,25,100,20,1
15:51:03,246,80,80.2,25.2,100,20,1
15:51:04,247,80,80.1,24.9,100,20,1
15:51:05,248,50,80.3,25.1,100,20,1
15:51:06,249,50,79,52.1,100,20,1
15:51:07,250,50,67.2,32.6,100,20,1
15:51:08,251,50,60.9,34.1,100,20,1
15:51:09,252,50,61.2,40.1,100,20,1
15:51:10,253,50,62,41.7,100,20,1
15:51:11,254,50,62.5,42.3,100,20,1
15:51:12,255,50,62.6,42.9,100,20,1
15:51:13,256,50,62.9,43.9,100,20,1
15:51:14,257,50,62.9,44.2,100,20,1
15:51:15,258,50,62.4,43.7,100,20,1
15:51:16,259,50,62.1,44.5,100,20,1
15:51:17,260,50,61.7,44.7,100,20,1
15:51:18,261,50,61.7,45.4,100,20,1
15:51:19,262,50,61,44.5,100,20,1
15:51:20,263,50,60.2,44.3,100,20,1
15:51:21,264,50,59.7,44.8,100,20,1
15:51:22,265,50,59.7,45.6,100,20,1
15:51:23,266,50,59.5,45.7,100,20,1
15:51:24,267,50,59.2,45.6,100,20,1
15:51:25,268,50,58.9,45.8,100,20,1
15:51:26,269,50,58.7,46.2,100,20,1
15:51:27,270,50,58.4,46.2,100,20,1
15:51:28,271,50,58.4,47,100,20,1
15:51:29,272,50,58.1,46.7,100,20,1
15:51:30,273,50,57.4,46.1,100,20,1
15:51:31,274,50,56.7,45.6,100,20,1
15:51:32,275,50,56.2,45.9,100,20,1
15:51:33,276,50,56.1,46.4,100,20,1
15:51:34,277,50,56.1,46.5,100,20,1
15:51:35,278,50,55.9,46.6,100,20,1
15:51:36,279,50,55.7,46.8,100,20,1
15:51:37,280,50,55.7,47.3,100,20,1
15:51:38,281,50,55.7,47.4,100,20,1
15:51:39,282,50,55.5,47.3,100,20,1
15:51:40,283,50,55.4,47.6,100,20,1
15:51:41,284,50,55.4,47.9,100,20,1
15:51:42,285,50,54.6,46.7,100,20,1
15:51:43,286,50,54.1,46.7,100,20,1
15:51:44,287,50,54,47.3,100,20,1
15:51:45,288,50,54.2,47.9,100,20,1
15:51:46,289,50,54.1,47.5,100,20,1
15:51:47,290,50,54,47.8,100,20,1
15:51:48,291,50,54.3,48.6,100,20,1
15:51:49,292,50,53.9,47.6,100,20,1
15:51:50,293,50,53.5,47.7,100,20,1
15:51:51,294,50,53,47.3,100,20,1
15:51:52,295,50,52.6,46.9,100,20,1
15:51:53,296,50,52.4,47.2,100,20,1
15:51:54,297,50,52.3,47.1,100,20,1
15:51:55,298,50,52.2,47.1,100,20,1
15:51:56,299,50,52,47,100,20,1
15:51:57,300,50,52,47.3,100,20,1
15:51:58,301,50,52.4,48.2,100,20,1
15:51:59,302,50,52.6,48.4,100,20,1
15:52:00,303,50,52.5,48.2,100,20,1
15:52:01,304,50,52.3,47.9,100,20,1
15:52:02,305,50,52.4,48.6,100,20,1
15:52:03,306,50,52.5,48.7,100,20,1
15:52:04,307,50,52.4,48.6,100,20,1
15:52:05,308,50,52.6,49.2,100,20,1
15:52:06,309,50,52.4,48.6,100,20,1
15:52:07,310,50,51.9,48.1,100,20,1
15:52:08,311,50,51.6,47.9,100,20,1
15:52:09,312,50,51.5,48.1,100,20,1
15:52:10,313,50,51.4,48.1,100,20,1
15:52:11,314,50,51.4,48.2,100,20,1
15:52:12,315,50,51.3,48.3,100,20,1
15:52:13,316,50,51.4,48.2,100,20,1
15:52:14,317,50,51.5,48.8,100,20,1
15:52:15,318,50,51.4,48.5,100,20,1
15:52:16,319,50,51.3,48.5,100,20,1
15:52:17,320,50,51.3,48.5,100,20,1
15:52:18,321,50,51.4,48.8,100,20,1
15:52:19,322,50,51.1,48.4,100,20,1
15:52:20,323,50,51.3,49,100,20,1
15:52:21,324,50,51.2,48.8,100,20,1
15:52:22,325,50,51.5,49.3,100,20,1
15:52:23,326,50,51.5,49.4,100,20,1
15:52:24,327,50,51.5,49.1,100,20,1
15:52:25,328,50,51.4,49.2,100,20,1
15:52:26,329,50,51.1,48.5,100,20,1
15:52:27,330,50,50.7,48.3,100,20,1
15:52:28,331,50,50.7,48.6,100,20,1
15:52:29,332,50,50.7,48.9,100,20,1
15:52:30,333,50,50.8,48.9,100,20,1
15:52:31,334,50,50.6,48.5,100,20,1
15:52:32,335,50,50.7,48.8,100,20,1
15:52:33,336,50,50.6,48.7,100,20,1
15:52:34,337,80,50.5,48.6,100,20,1.5
15:52:35,338,80,52.1,22.2,100,20,1.5
15:52:36,339,80,60.1,33.9,100,20,1.5
15:52:37,340,80,66.2,36.3,100,20,1.5
15:52:38,341,80,69.2,37.1,100,20,1.5
15:52:39,342,80,70.4,35.3,100,20,1.5
15:52:40,343,80,71.2,34.9,100,20,1.5
15:52:41,344,80,71.6,34,100,20,1.5
15:52:42,345,80,71.9,33.6,100,20,1.5
15:52:43,346,80,71.9,32.8,100,20,1.5
15:52:44,347,80,71.9,32.4,100,20,1.5
15:52:45,348,80,72.2,32.5,100,20,1.5
15:52:46,349,80,72.4,32.4,100,20,1.5
15:52:47,350,80,72.1,30.8,100,20,1.5
15:52:48,351,80,72,30.4,100,20,1.5
15:52:49,352,80,72,30.5,100,20,1.5
15:52:50,353,80,72,29.8,100,20,1.5
15:52:51,354,80,71.7,28.7,100,20,1.5
15:52:52,355,80,71.7,28.7,100,20,1.5
15:52:53,356,80,71.5,28.2,100,20,1.5
15:52:54,357,80,71.3,27.1,100,20,1.5
15:52:55,358,80,71.1,26.6,100,20,1.5
15:52:56,359,80,71.4,27.5,100,20,1.5
15:52:57,360,80,71.6,27.3,100,20,1.5
15:52:58,361,80,72,27.3,100,20,1.5
15:52:59,362,80,71.8,25.8,100,20,1.5
15:53:00,363,80,71.7,25.2,100,20,1.5
15:53:01,364,80,72,25.8,100,20,1.5
15:53:02,365,80,72.3,25.9,100,20,1.5
15:53:03,366,80,73,26.9,100,20,1.5
15:53:04,367,80,73.3,25.9,100,20,1.5
15:53:05,368,80,73.4,25.3,100,20,1.5
15:53:06,369,80,73.5,25.2,100,20,1.5
15:53:07,370,80,73.4,24.5,100,20,1.5
15:53:08,371,80,73.5,24.9,100,20,1.5
15:53:09,372,80,74,25.4,100,20,1.5
15:53:10,373,80,74.2,25,100,20,1.5
15:53:11,374,80,74.5,25.2,100,20,1.5
15:53:12,375,80,74.6,25,100,20,1.5
15:53:13,376,80,74.8,24.5,100,20,1.5
15:53:14,377,80,74.9,24.4,100,20,1.5
15:53:15,378,80,75,24.2,100,20,1.5
15:53:16,379,80,75,23.9,100,20,1.5
15:53:17,380,80,75.3,24.5,100,20,1.5
15:53:18,381,80,75.6,24.4,100,20,1.5
15:53:19,382,80,75.6,23.8,100,20,1.5
15:53:20,383,80,75.7,24.1,100,20,1.5
15:53:21,384,80,76.1,24.4,100,20,1.5
15:53:22,385,80,76.3,24.3,100,20,1.5
15:53:23,386,80,76.4,24,100,20,1.5
15:53:24,387,80,76.7,24.4,100,20,1.5
15:53:25,388,80,76.4,23,100,20,1.5
15:53:26,389,80,76.5,23.3,100,20,1.5
15:53:27,390,80,76.5,23.2,100,20,1.5
15:53:28,391,80,76.6,23.2,100,20,1.5
15:53:29,392,80,76.7,23.4,100,20,1.5
15:53:30,393,80,76.7,22.5,100,20,1.5
15:53:31,394,80,76.8,22.9,100,20,1.5
15:53:32,395,80,77.2,23.7,100,20,1.5
15:53:33,396,80,77.6,24.2,100,20,1.5
15:53:34,397,80,78,24.2,100,20,1.5
15:53:35,398,80,78,23.5,100,20,1.5
15:53:36,399,80,77.8,23,100,20,1.5
15:53:37,400,80,77.9,23,100,20,1.5
15:53:38,401,80,77.8,23,100,20,1.5
15:53:39,402,80,78.1,23.7,100,20,1.5
15:53:40,403,80,78,22.6,100,20,1.5
15:53:41,404,80,78.1,23.3,100,20,1.5
15:53:42,405,80,78.2,23,100,20,1.5
15:53:43,406,80,78.1,22.5,100,20,1.5
15:53:44,407,80,78.1,22.5,100,20,1.5
15:53:45,408,80,78.1,22.5,100,20,1.5
15:53:46,409,80,78.1,22.6,100,20,1.5
15:53:47,410,80,78.3,22.8,100,20,1.5
15:53:48,411,80,78.4,22.6,100,20,1.5
15:53:49,412,80,78.3,22.7,100,20,1.5
15:53:50,413,80,78.5,22.8,100,20,1.5
15:53:51,414,80,78.2,22.1,100,20,1.5
15:53:52,415,80,78.7,23.2,100,20,1.5
15:53:53,416,80,79,23.6,100,20,1.5
15:53:54,417,80,79.3,23.6,100,20,1.5
15:53:55,418,80,79.1,22.8,100,20,1.5
15:53:56,419,80,79.3,23.2,100,20,1.5
15:53:57,420,80,79.3,23.1,100,20,1.5
15:53:58,421,80,79.5,23.4,100,20,1.5
15:53:59,422,80,79.3,22.7,100,20,1.5
15:54:00,423,80,79.2,22.5,100,20,1.5
15:54:01,424,80,79.3,22.9,100,20,1.5
15:54:02,425,80,79.2,22.9,100,20,1.5
15:54:03,426,80,79.5,23.5,100,20,1.5
15:54:04,427,80,79.5,23,100,20,1.5
15:54:05,428,80,79.6,23.2,100,20,1.5
15:54:06,429,80,79.6,23.1,100,20,1.5
15:54:07,430,80,79.7,23.1,100,20,1.5
15:54:08,431,80,79.6,23,100,20,1.5
15:54:09,432,80,79.6,22.7,100,20,1.5
15:54:10,433,80,79.6,22.8,100,20,1.5
15:54:11,434,80,79.5,22.7,100,20,1.5
15:54:12,435,80,79.3,22.2,100,20,1.5
15:54:13,436,80,79.4,23.1,100,20,1.5
15:54:14,437,80,79.4,22.7,100,20,1.5
15:54:15,438,80,80,24.3,100,20,1.5
15:54:16,439,80,80.2,23.8,100,20,1.5
15:54:17,440,80,80.3,24,100,20,1.5
15:54:18,441,80,80.1,22.8,100,20,1.5
15:54:19,442,80,80.2,23.6,100,20,1.5
15:54:20,443,80,80.4,24.1,100,20,1.5
15:54:21,444,80,80.6,24,100,20,1.5
15:54:22,445,80,80.7,24.4,100,20,1.5
15:54:23,446,80,80.9,24.4,100,20,1.5
15:54:24,447,80,80.9,24.2,100,20,1.5
15:54:25,448,80,80.7,24.1,100,20,1.5
15:54:26,449,80,80.7,24.3,100,20,1.5
15:54:27,450,80,80.8,24.1,100,20,1.5
15:54:28,451,80,80.9,24.9,100,20,1.5
15:54:29,452,80,81,24.8,100,20,1.5
15:54:30,453,80,81.2,25.1,100,20,1.5
15:54:31,454,80,81.1,24.4,100,20,1.5
15:54:32,455,80,81.1,24.7,100,20,1.5
15:54:33,456,80,81.1,25,100,20,1.5
15:54:34,457,80,81,24.7,100,20,1.5
15:54:35,458,80,81.1,25.3,100,20,1.5
15:54:36,459,80,81.1,25,100,20,1.5
15:54:37,460,80,80.7,23.9,100,20,1.5
15:54:38,461,80,80.7,24.7,100,20,1.5
15:54:39,462,80,80.7,24.7,100,20,1.5
15:54:40,463,80,81,25.8,100,20,1.5
15:54:41,464,80,80.9,24.7,100,20,1.5
15:54:42,465,80,81,25.5,100,20,1.5
15:54:43,466,80,81,24.9,100,20,1.5
15:54:44,467,80,81.1,26,100,20,1.5
15:54:45,468,80,81.2,25.6,100,20,1.5
15:54:46,469,80,81,25.3,100,20,1.5
15:54:47,470,80,80.8,24.6,100,20,1.5
15:54:48,471,80,80.7,25.2,100,20,1.5
15:54:49,472,80,80.9,26,100,20,1.5
15:54:50,473,80,81.2,26,100,20,1.5
15:54:51,474,80,81,25.4,100,20,1.5
15:54:52,475,80,80.9,25.5,100,20,1.5
15:54:53,476,80,80.6,25,100,20,1.5
15:54:54,477,80,80.8,25.9,100,20,1.5
15:54:55,478,80,81.1,26.3,100,20,1.5
15:54:56,479,80,81.2,26.5,100,20,1.5
15:54:57,480,80,81.5,26.6,100,20,1.5
15:54:58,481,80,81.2,25.8,100,20,1.5
15:54:59,482,80,80.9,25.6,100,20,1.5
15:55:00,483,80,81.1,26.3,100,20,1.5
15:55:01,484,80,81.1,26.5,100,20,1.5
15:55:02,485,80,81.2,26.6,100,20,1.5
15:55:03,486,50,80.9,25.9,100,20,1.5
15:55:04,487,50,79.4,51.5,100,20,1.5
15:55:05,488,50,67.6,23.9,100,20,1.5
15:55:06,489,50,63.1,34.4,100,20,1
15:55:07,490,50,65.9,43.8,100,20,1
15:55:08,491,50,66.5,42.6,100,20,1
15:55:09,492,50,65.3,41.2,100,20,1
15:55:10,493,50,64.5,41.7,100,20,1
15:55:11,494,50,64.3,42.6,100,20,1
15:55:12,495,50,63.7,42.6,100,20,1
15:55:13,496,50,63.9,43.7,100,20,1
15:55:14,497,50,63.7,44,100,20,1
15:55:15,498,50,63.5,44.5,100,20,1
15:55:16,499,50,63.4,45.1,100,20,1
15:55:17,500,50,62.8,44.6,100,20,1
15:55:18,501,50,62.2,45,100,20,1
15:55:19,502,50,61.8,45.3,100,20,1
15:55:20,503,50,61.6,45.5,100,20,1
15:55:21,504,50,61.4,46,100,20,1
15:55:22,505,50,61,46.1,100,20,1
15:55:23,506,50,60.5,45.8,100,20,1
15:55:24,507,50,59.9,45.8,100,20,1
15:55:25,508,50,59.5,46.1,100,20,1
15:55:26,509,50,59.3,46.6,100,20,1
15:55:27,510,50,59.1,46.6,100,20,1
15:55:28,511,50,58.7,47,100,20,1
15:55:29,512,50,58.3,46.7,100,20,1
15:55:30,513,50,58,46.8,100,20,1
15:55:31,514,50,58,47.6,100,20,1
15:55:32,515,50,57.6,47.1,100,20,1
15:55:33,516,50,57.3,47.6,100,20,1
15:55:34,517,50,57.2,47.7,100,20,1
15:55:35,518,50,56.8,47.5,100,20,1
15:55:36,519,50,56.5,47.6,100,20,1
15:55:37,520,50,56.3,47.7,100,20,1
15:55:38,521,50,56.1,48.1,100,20,1
15:55:39,522,50,56,48.2,100,20,1
15:55:40,523,50,55.8,48.2,100,20,1
15:55:41,524,50,55.5,47.9,100,20,1
15:55:42,525,50,55,47.7,100,20,1
15:55:43,526,50,54.7,47.9,100,20,1
15:55:44,527,50,54.5,48,100,20,1
15:55:45,528,50,54.3,48.1,100,20,1
15:55:46,529,50,54.5,48.8,100,20,1
15:55:47,530,50,54.5,48.6,100,20,1
15:55:48,531,50,54.2,48.5,100,20,1
15:55:49,532,50,53.9,48.3,100,20,1
15:55:50,533,50,53.8,48.3,100,20,1
15:55:51,534,50,53.6,48.5,100,20,1
15:55:52,535,50,53.5,48.9,100,20,1
15:55:53,536,50,53.5,49,100,20,1
15:55:54,537,50,53.4,48.8,100,20,1
15:55:55,538,50,53.3,48.9,100,20,1
15:55:56,539,50,53.1,48.7,100,20,1
15:55:57,540,50,52.9,48.8,100,20,1
15:55:58,541,50,53.1,49.4,100,20,1
15:55:59,542,50,53,49.4,100,20,1
15:56:00,543,50,52.6,48.9,100,20,1
15:56:01,544,50,52.6,49.3,100,20,1
15:56:02,545,50,52.6,49.2,100,20,1
15:56:03,546,50,52.3,49.1,100,20,1
15:56:04,547,50,52.3,49.4,100,20,1
15:56:05,548,50,52.3,49.4,100,20,1
15:56:06,549,50,52,49.2,100,20,1
15:56:07,550,50,52.1,49.5,100,20,1
15:56:08,551,50,51.8,49,100,20,1
15:56:09,552,50,51.7,49.3,100,20,1
15:56:10,553,50,51.8,49.6,100,20,1
15:56:11,554,50,52,49.8,100,20,1
15:56:12,555,50,52,49.8,100,20,1
15:56:13,556,50,51.8,49.6,100,20,1
15:56:14,557,50,51.6,49.3,100,20,1
15:56:15,558,50,51.5,49.3,100,20,1
15:56:16,559,50,51.2,49,100,20,1
15:56:17,560,50,51,49.2,100,20,1
15:56:18,561,50,51.3,49.7,100,20,1
15:56:19,562,50,51.1,49.3,100,20,1
15:56:20,563,50,51.1,49.5,100,20,1
15:56:21,564,50,51,49.1,100,20,1
15:56:22,565,50,51,49.6,100,20,1
15:56:23,566,50,51.1,49.6,100,20,1
15:56:24,567,50,51,49.6,100,20,1
15:56:25,568,50,51.2,50.1,100,20,1
15:56:26,569,50,51.1,49.7,100,20,1
15:56:27,570,50,50.8,49.2,100,20,1
15:56:28,571,50,51,50.1,100,20,1
15:56:29,572,50,50.9,49.6,100,20,1
15:56:30,573,80,50.7,49.4,100,20,2
15:56:31,574,80,52.2,22.9,100,20,2
15:56:32,575,80,59.7,33.2,100,20,2
15:56:33,576,80,65.6,36.4,100,20,2
15:56:34,577,80,68.7,36.3,100,20,2
15:56:35,578,80,70.7,36.6,100,20,2
15:56:36,579,80,71.5,36.3,100,20,2
15:56:37,580,80,71.7,35.4,100,20,2
15:56:38,581,80,72,35.3,100,20,2
15:56:39,582,80,72.3,35.3,100,20,2
15:56:40,583,80,72.1,33.8,100,20,2
15:56:41,584,80,72.2,34.1,100,20,2
15:56:42,585,80,72.2,33.1,100,20,2
15:56:43,586,80,72.3,33.4,100,20,2
15:56:44,587,80,72.6,33.4,100,20,2
15:56:45,588,80,72.9,33.6,100,20,2
15:56:46,589,80,72.9,32.8,100,20,2
15:56:47,590,80,72.7,31.9,100,20,2
15:56:48,591,80,72.6,31.3,100,20,2
15:56:49,592,80,72.3,30.2,100,20,2
15:56:50,593,80,72.4,30.8,100,20,2
15:56:51,594,80,72.5,30.5,100,20,2
15:56:52,595,80,72.8,30.7,100,20,2
15:56:53,596,80,72.7,29.8,100,20,2
15:56:54,597,80,72.9,29.9,100,20,2
15:56:55,598,80,72.9,29.5,100,20,2
15:56:56,599,80,72.7,28.2,100,20,2
15:56:57,600,80,72.6,28.1,100,20,2
15:56:58,601,80,72.3,27.1,100,20,2
15:56:59,602,80,72.3,27,100,20,2
15:57:00,603,80,72.6,27.7,100,20,2
15:57:01,604,80,72.7,26.9,100,20,2
15:57:02,605,80,72.3,25.5,100,20,2
15:57:03,606,80,72,24.8,100,20,2
15:57:04,607,80,72.4,26.6,100,20,2
15:57:05,608,80,73.6,28.1,100,20,2
15:57:06,609,80,73.9,26.9,100,20,2
15:57:07,610,80,74.3,26.9,100,20,2
15:57:08,611,80,74.2,26,100,20,2
15:57:09,612,80,74.1,25.4,100,20,2
15:57:10,613,80,74.3,25.7,100,20,2
15:57:11,614,80,74.5,25.7,100,20,2
15:57:12,615,80,74.9,26.2,100,20,2
15:57:13,616,80,75,25.3,100,20,2
15:57:14,617,80,74.7,24.3,100,20,2
15:57:15,618,80,74.4,23.7,100,20,2
15:57:16,619,80,74.6,24.5,100,20,2
15:57:17,620,80,75.2,25.6,100,20,2
15:57:18,621,80,75.4,24.7,100,20,2
15:57:19,622,80,75.7,25.3,100,20,2
15:57:20,623,80,75.8,24.4,100,20,2
15:57:21,624,80,75.8,24.3,100,20,2
15:57:22,625,80,76,24.6,100,20,2
15:57:23,626,80,76.2,24.6,100,20,2
15:57:24,627,80,76,23.3,100,20,2
15:57:25,628,80,76.1,23.9,100,20,2
15:57:26,629,80,76.3,24,100,20,2
15:57:27,630,80,76.2,23.2,100,20,2
15:57:28,631,80,76.3,23.5,100,20,2
15:57:29,632,80,76.6,23.9,100,20,2
15:57:30,633,80,76.6,23.4,100,20,2
15:57:31,634,80,76.7,23.5,100,20,2
15:57:32,635,80,77,23.7,100,20,2
15:57:33,636,80,77.3,24.3,100,20,2
15:57:34,637,80,77.5,24,100,20,2
15:57:35,638,80,77.5,23.5,100,20,2
15:57:36,639,80,77.3,22.8,100,20,2
15:57:37,640,80,77.2,22.8,100,20,2
15:57:38,641,80,77.6,24.1,100,20,2
15:57:39,642,80,77.8,23.6,100,20,2
15:57:40,643,80,78.1,24,100,20,2
15:57:41,644,80,78.2,23.9,100,20,2
15:57:42,645,80,78.2,23.5,100,20,2
15:57:43,646,80,78.4,24.2,100,20,2
15:57:44,647,80,78.4,23.4,100,20,2
15:57:45,648,80,78.2,22.6,100,20,2
15:57:46,649,80,78.1,23.1,100,20,2
15:57:47,650,80,78.2,23,100,20,2
15:57:48,651,80,78.1,22.7,100,20,2
15:57:49,652,80,78.1,22.7,100,20,2
15:57:50,653,80,78.3,23.1,100,20,2
15:57:51,654,80,78.5,23.2,100,20,2
15:57:52,655,80,78.5,23,100,20,2
15:57:53,656,80,78.4,22.5,100,20,2
15:57:54,657,80,78.7,23.2,100,20,2
15:57:55,658,80,78.7,23,100,20,2
15:57:56,659,80,78.7,22.7,100,20,2
15:57:57,660,80,78.4,21.6,100,20,2
15:57:58,661,80,78.6,23.1,100,20,2
15:57:59,662,80,78.9,23.2,100,20,2
15:58:00,663,80,79,23.2,100,20,2
15:58:01,664,80,79.2,23.1,100,20,2
15:58:02,665,80,78.9,22.3,100,20,2
15:58:03,666,80,78.9,22.7,100,20,2
15:58:04,667,80,79,22.4,100,20,2
15:58:05,668,80,79,22.4,100,20,2
15:58:06,669,80,79.3,23.4,100,20,2
15:58:07,670,80,79.6,23.5,100,20,2
15:58:08,671,80,79.4,22.6,100,20,2
15:58:09,672,80,79.1,21.8,100,20,2
15:58:10,673,80,79,22.3,100,20,2
15:58:11,674,80,79.4,23.2,100,20,2
15:58:12,675,80,79.3,22.3,100,20,2
15:58:13,676,80,79.1,22.3,100,20,2
15:58:14,677,80,79.3,22.5,100,20,2
15:58:15,678,80,79.2,22.2,100,20,2
15:58:16,679,80,79.4,23.1,100,20,2
15:58:17,680,80,79.7,23.1,100,20,2
15:58:18,681,80,79.5,22.5,100,20,2
15:58:19,682,80,79.6,22.8,100,20,2
15:58:20,683,80,79.9,23.5,100,20,2
15:58:21,684,80,79.9,23.1,100,20,2
15:58:22,685,80,80.1,23.3,100,20,2
15:58:23,686,80,80.1,23.1,100,20,2
15:58:24,687,80,79.7,22.1,100,20,2
15:58:25,688,80,79.4,21.9,100,20,2
15:58:26,689,80,79,21.3,100,20,2
15:58:28,690,80,79.1,22.1,100,20,2
15:58:28,691,80,79.3,22.4,100,20,2
15:58:29,692,80,79.3,22.3,100,20,2
15:58:31,693,80,79.4,22.4,100,20,2
15:58:32,694,80,79.4,22.3,100,20,2
15:58:33,695,80,79.8,23.3,100,20,2
15:58:34,696,80,79.9,22.7,100,20,2
15:58:35,697,80,79.5,21.8,100,20,2
15:58:36,698,80,79.8,23,100,20,2
15:58:37,699,80,80,23.3,100,20,2
15:58:38,700,80,79.9,22.4,100,20,2
15:58:39,701,80,79.5,21.4,100,20,2
15:58:39,702,80,79.5,22.1,100,20,2
15:58:40,703,80,79.9,23.2,100,20,2
15:58:41,704,80,79.9,22.4,100,20,2
15:58:43,705,80,79.5,21.8,100,20,2
15:58:44,706,80,79.8,22.9,100,20,2
15:58:45,707,80,79.8,22.5,100,20,2
15:58:46,708,80,79.7,22.1,100,20,2
15:58:47,709,80,79.7,22.2,100,20,2
15:58:48,710,80,79.2,21.1,100,20,2
15:58:49,711,80,79.4,22.1,100,20,2
15:58:50,712,80,79.2,21.4,100,20,2
15:58:50,713,80,79.5,22.5,100,20,2
15:58:52,714,80,79.6,22.1,100,20,2
15:58:52,715,80,79.8,22.9,100,20,2
15:58:53,716,80,80,23,100,20,2
15:58:54,717,80,80.4,23.2,100,20,2
15:58:55,718,80,80.4,23,100,20,1
15:58:56,719,80,80.3,22.9,100,20,1
15:58:57,720,50,80.4,23.2,100,20,1
15:58:58,721,50,79.3,50.6,100,20,1
15:58:59,722,50,68.4,32.8,100,20,1
15:59:00,723,50,62.8,35,100,20,1
15:59:01,724,50,62.7,39.2,100,20,1
15:59:02,725,50,63.2,40.7,100,20,1
15:59:04,726,50,63.6,41.8,100,20,1
15:59:05,727,50,63.4,41.6,100,20,1
15:59:06,728,50,63.3,42.4,100,20,1
15:59:07,729,50,63.4,43.3,100,20,1
15:59:07,730,50,63.4,43.8,100,20,1
15:59:09,731,50,63.4,44.5,100,20,1
15:59:10,732,50,62.9,44,100,20,1
15:59:10,733,50,62,43.3,100,20,1
15:59:12,734,50,61.5,44.1,100,20,1
15:59:13,735,50,61.4,45,100,20,1
15:59:14,736,50,61.3,45.3,100,20,1
15:59:15,737,50,61.1,45.4,100,20,1
15:59:16,738,50,60.4,44.9,100,20,1
15:59:17,739,50,59.8,44.9,100,20,1
15:59:18,740,50,59.2,44.8,100,20,1
15:59:19,741,50,59,45.8,100,20,1
15:59:20,742,50,59.2,46.6,100,20,1
15:59:21,743,50,59.1,46.4,100,20,1
15:59:22,744,50,58.7,46.5,100,20,1
15:59:23,745,50,58.2,46.2,100,20,1
15:59:24,746,50,57.9,46.4,100,20,1
15:59:25,747,50,57.9,47.4,100,20,1
15:59:26,748,50,57.9,47.6,100,20,1
15:59:27,749,50,57.5,47.1,100,20,1
15:59:28,750,50,57.1,47.3,100,20,1
15:59:29,751,50,56.9,47.6,100,20,1
15:59:30,752,50,56.7,47.5,100,20,1
15:59:31,753,50,56.6,48.2,100,20,1
15:59:32,754,50,56.8,48.6,100,20,1
15:59:33,755,50,56.3,47.8,100,20,1
15:59:34,756,50,55.5,47.3,100,20,1
15:59:35,757,50,55.2,47.6,100,20,1
15:59:36,758,50,55.2,48.3,100,20,1
15:59:37,759,50,55.1,48,100,20,1
15:59:38,760,50,55.2,48.7,100,20,1
15:59:39,761,50,55.1,48.7,100,20,1
15:59:40,762,50,55,48.7,100,20,1
15:59:41,763,50,55.2,49.7,100,20,1
15:59:42,764,50,55.1,49.4,100,20,1
15:59:43,765,50,54.8,49.2,100,20,1
15:59:44,766,50,54.6,49.3,100,20,1
15:59:45,767,50,54.3,49.1,100,20,1
15:59:46,768,50,54.2,49.6,100,20,1
15:59:47,769,50,54.2,49.5,100,20,1
15:59:48,770,50,54,49.7,100,20,1
15:59:49,771,50,54,49.8,100,20,1
15:59:50,772,50,53.7,49.5,100,20,1
15:59:51,773,50,53.5,49.4,100,20,1
15:59:52,774,50,53.1,49.4,100,20,1
15:59:53,775,50,53,49.6,100,20,1
15:59:54,776,50,52.9,49.5,100,20,1
15:59:55,777,50,52.9,49.9,100,20,1
15:59:56,778,50,52.9,50,100,20,1
15:59:57,779,50,53,50.3,100,20,1
15:59:58,780,50,53,50.5,100,20,1
15:59:59,781,50,52.8,50.2,100,20,1
16:00:00,782,50,52.8,50.6,100,20,1
16:00:01,783,50,52.7,50.3,100,20,1
16:00:02,784,50,52.2,49.8,100,20,1
16:00:03,785,50,52.1,49.9,100,20,1
16:00:04,786,50,51.9,50,100,20,1
16:00:05,787,50,51.8,49.8,100,20,1
16:00:06,788,50,51.8,50,100,20,1
16:00:07,789,50,51.7,50,100,20,1
16:00:08,790,50,51.5,49.8,100,20,1
16:00:09,791,50,51.4,49.9,100,20,1
16:00:10,792,50,51.5,50,100,20,1
16:00:11,793,50,51.4,50,100,20,1
16:00:12,794,50,51.4,50.1,100,20,1
16:00:13,795,50,51.6,50.8,100,20,1
16:00:14,796,50,51.7,50.8,100,20,1
16:00:15,797,50,51.8,50.7,100,20,1
16:00:16,798,50,51.4,49.9,100,20,1
16:00:17,799,50,51,49.9,100,20,1
16:00:18,800,50,51,50.2,100,20,1
16:00:19,801,50,50.9,49.9,100,20,1
16:00:20,802,50,50.9,50.2,100,20,1
16:00:21,803,50,50.8,50.1,100,20,1
16:00:22,804,50,50.8,50.1,100,20,1
16:00:23,805,50,50.7,49.9,100,20,1
16:00:24,806,50,50.6,49.9,100,20,1
16:00:25,807,50,50.5,50.1,100,20,1
16:00:26,808,50,50.5,50,100,20,1
16:00:27,809,50,50.7,50.4,100,20,1
16:00:28,810,50,50.7,50.3,100,20,1
16:00:29,811,50,50.6,50.1,100,20,1
